"시도별(1)","설립주체별(1)",2013,2013,2013,2013,2013,2013,2013,2013,2013,2013,2013,2013,2013,2013,2013,2013,2013,2014,2014,2014,2014,2014,2014,2014,2014,2014,2014,2014,2014,2014,2014,2014,2014,2014,2015,2015,2015,2015,2015,2015,2015,2015,2015,2015,2015,2015,2015,2015,2015,2015,2015,2015,2015,2016,2016,2016,2016,2016,2016,2016,2016,2016,2016,2016,2016,2016,2016,2016,2016,2016,2016,2016,2017,2017,2017,2017,2017,2017,2017,2017,2017,2017,2017,2017,2017,2017,2017,2017,2017,2017,2017,2018,2018,2018,2018,2018,2018,2018,2018,2018,2018,2018,2018,2018,2018,2018,2018,2018,2018,2018,2019,2019,2019,2019,2019,2019,2019,2019,2019,2019,2019,2019,2019,2019,2019,2019,2019,2019,2019,2020,2020,2020,2020,2020,2020,2020,2020,2020,2020,2020,2020,2020,2020,2020,2020,2020,2021,2021,2021,2021,2021,2021,2021,2021,2021,2021,2021,2021,2021,2021,2021,2021,2021,2022,2022,2022,2022,2022,2022,2022,2022,2022,2022,2022,2022,2022,2022,2022,2022,2022
"시도별(1)","설립주체별(1)",유치원수 (개),학급수 (개),원아수 (명),원아수 (명),교원수 (명),교원수 (명),직원수 (명),직원수 (명),신입원아수 (명),신입원아수 (명),재취원아수 (명),재취원아수 (명),졸업원아수 (명),졸업원아수 (명),교실수 (개),교실수 (개),교실수 (개),유치원수 (개),학급수 (개),원아수 (명),원아수 (명),교원수 (명),교원수 (명),직원수 (명),직원수 (명),신입원아수 (명),신입원아수 (명),재취원아수 (명),재취원아수 (명),졸업원아수 (명),졸업원아수 (명),교실수 (개),교실수 (개),교실수 (개),유치원수 (개),학급수 (개),원아수 (명),원아수 (명),교원수 (명),교원수 (명),직원수 (명),직원수 (명),신입원아수 (명),신입원아수 (명),재취원아수 (명),재취원아수 (명),졸업원아수 (명),졸업원아수 (명),교실수 (개),교실수 (개),교실수 (개),교실수 (개),교실수 (개),유치원수 (개),학급수 (개),원아수 (명),원아수 (명),교원수 (명),교원수 (명),직원수 (명),직원수 (명),신입원아수 (명),신입원아수 (명),재취원아수 (명),재취원아수 (명),졸업원아수 (명),졸업원아수 (명),교실수 (개),교실수 (개),교실수 (개),교실수 (개),교실수 (개),유치원수 (개),학급수 (개),원아수 (명),원아수 (명),교원수 (명),교원수 (명),직원수 (명),직원수 (명),신입원아수 (명),신입원아수 (명),재취원아수 (명),재취원아수 (명),졸업원아수 (명),졸업원아수 (명),교실수 (개),교실수 (개),교실수 (개),교실수 (개),교실수 (개),유치원수 (개),학급수 (개),원아수 (명),원아수 (명),교원수 (명),교원수 (명),직원수 (명),직원수 (명),신입원아수 (명),신입원아수 (명),재취원아수 (명),재취원아수 (명),졸업원아수 (명),졸업원아수 (명),교실수 (개),교실수 (개),교실수 (개),교실수 (개),교실수 (개),유치원수 (개),학급수 (개),원아수 (명),원아수 (명),교원수 (명),교원수 (명),직원수 (명),직원수 (명),신입원아수 (명),신입원아수 (명),재취원아수 (명),재취원아수 (명),졸업원아수 (명),졸업원아수 (명),교실수 (개),교실수 (개),교실수 (개),교실수 (개),교실수 (개),유치원수 (개),학급수 (개),원아수 (명),원아수 (명),교원수 (명),교원수 (명),직원수 (명),직원수 (명),신입원아수 (명),신입원아수 (명),졸업원아수 (명),졸업원아수 (명),교실수 (개),교실수 (개),교실수 (개),교실수 (개),교실수 (개),유치원수 (개),학급수 (개),원아수 (명),원아수 (명),교원수 (명),교원수 (명),직원수 (명),직원수 (명),신입원아수 (명),신입원아수 (명),졸업원아수 (명),졸업원아수 (명),교실수 (개),교실수 (개),교실수 (개),교실수 (개),교실수 (개),유치원수 (개),학급수 (개),원아수 (명),원아수 (명),교원수 (명),교원수 (명),직원수 (명),직원수 (명),신입원아수 (명),신입원아수 (명),졸업원아수 (명),졸업원아수 (명),교실수 (개),교실수 (개),교실수 (개),교실수 (개),교실수 (개)
"시도별(1)","설립주체별(1)",소계,소계,소계,여자,소계,여자,소계,여자,소계,여자,소계,여자,소계,여자,소계,정규교실,가·대용교실,소계,소계,소계,여자,소계,여자,소계,여자,소계,여자,소계,여자,소계,여자,소계,정규교실,가·대용교실,소계,소계,소계,여자,소계,여자,소계,여자,소계,여자,소계,여자,소계,여자,소계,일반교실,교과교실,특별교실,수준별교실,소계,소계,소계,여자,소계,여자,소계,여자,소계,여자,소계,여자,소계,여자,소계,일반교실,교과교실,특별교실,수준별교실,소계,소계,소계,여자,소계,여자,소계,여자,소계,여자,소계,여자,소계,여자,소계,일반교실,교과교실,특별교실,수준별교실,소계,소계,소계,여자,소계,여자,소계,여자,소계,여자,소계,여자,소계,여자,소계,일반교실,교과교실,특별교실,수준별교실,소계,소계,소계,여자,소계,여자,소계,여자,소계,여자,소계,여자,소계,여자,소계,일반교실,교과교실,특별교실,수준별교실,소계,소계,소계,여자,소계,여자,소계,여자,소계,여자,소계,여자,소계,일반교실,교과교실,특별교실,수준별교실,소계,소계,소계,여자,소계,여자,소계,여자,소계,여자,소계,여자,소계,일반교실,교과교실,특별교실,수준별교실,소계,소계,소계,여자,소계,여자,소계,여자,소계,여자,소계,여자,소계,일반교실,교과교실,특별교실,수준별교실
"총계","계",8678,30597,658188,320647,46126,45373,8728,5559,323993,157329,333841,162960,522581,255059,26534,25886,648,8826,33041,652546,318150,48530,47599,4123,2573,313673,153651,337975,164399,532212,258997,28246,27572,674,8930,34075,682553,333072,50998,50145,4925,3185,332248,160367,352449,172332,474302,230763,31608,28682,733,2004,189,8987,35790,704138,345177,52923,52047,5637,3616,325099,159975,379395,186051,283440,137419,33392,30281,767,2162,182,9029,36470,694631,342070,53808,52922,7929,5276,308648,151853,391932,195647,280094,135675,34748,31737,554,2303,154,9021,37748,675998,333501,54892,53951,6423,3984,300596,148157,375285,184973,277280,135603,32724,30216,392,1982,134,8837,37268,633913,313065,53362,52490,5252,3116,288214,142317,345314,170751,270131,132195,31831,29342,383,1981,125,8705,36634,612538,302177,53651,52770,5036,2945,276338,136070,242349,119061,30894,28529,334,1912,119,8660,33381,582572,287693,53457,52558,4848,2762,254979,125659,225555,110546,30311,27992,319,1886,114,8562,33173,552812,272713,53696,52785,4864,2824,243721,119767,236392,115866,29996,27645,313,1927,111
"총계","국립",3,15,225,101,23,23,4,3,125,53,100,46,183,90,10,10,-,3,15,258,122,20,20,2,1,147,70,111,53,223,97,14,14,-,3,15,256,121,21,20,2,1,129,62,126,57,206,96,17,15,-,2,-,3,15,258,137,21,19,2,2,134,61,130,76,108,51,21,19,-,2,-,3,15,249,133,21,20,2,2,154,83,129,67,114,58,21,19,-,2,-,3,15,249,131,22,22,5,3,129,62,120,69,113,57,20,19,0,1,0,3,17,275,138,29,29,4,2,161,80,115,59,113,59,23,21,0,2,0,3,17,273,134,29,29,3,3,120,56,120,64,23,21,-,2,-,3,17,264,128,25,25,2,1,121,58,107,50,23,21,-,2,-,3,17,255,127,25,24,6,4,104,51,105,51,23,21,-,2,-
"총계","공립",4574,8205,141827,68216,10974,10948,1762,1431,91490,43783,50380,24444,149401,72713,2212,2190,22,4616,8678,148011,71228,11911,11745,616,301,89687,43261,58417,28149,137815,66303,2612,2565,47,4675,9268,161083,77449,12598,12537,805,420,93718,44913,67144,32417,128697,61987,3508,3092,79,321,16,4693,9795,170091,81983,13391,13326,890,469,94040,45292,75878,36644,85665,41108,4525,3900,111,491,23,4744,10380,172272,83283,14162,14087,1054,585,94244,45567,78919,38360,88344,42198,5452,4687,119,626,20,4798,10881,172121,83523,15847,15738,1119,654,92438,44944,80473,39001,89121,42949,3400,3051,28,315,6,4856,11578,177055,86057,17305,17181,1179,699,99130,48576,78257,37883,88098,42532,3725,3333,36,349,7,4973,12440,178628,86842,19080,18921,1331,801,97087,47163,86069,41740,4252,3845,29,368,10,5058,12995,177097,86266,20279,20094,1477,900,97790,47568,83281,40258,4941,4464,37,426,14,5113,13449,167230,80866,21318,21114,1620,1018,88833,42950,86052,41690,5615,5052,44,504,15
"총계","사립",4101,22377,516136,252330,35129,34402,6962,4125,232378,113493,283361,138470,372997,182256,24312,23686,626,4207,24348,504277,246800,36599,35834,3505,2271,223839,110320,279447,136197,394174,192597,25620,24993,627,4252,24792,521214,255502,38379,37588,4118,2764,238401,115392,285179,139858,345399,168680,28083,25575,654,1681,173,4291,25980,533789,263057,39511,38702,4745,3145,230925,114622,303387,149331,197667,96260,28846,26362,656,1669,159,4282,26075,522110,258654,39625,38815,6873,4689,214250,106203,312884,157220,191636,93419,29275,27031,435,1675,134,4220,26852,503628,249847,39023,38191,5299,3327,208029,103151,294692,145903,188046,92597,29304,27146,364,1666,128,3978,25673,456583,226870,36028,35280,4069,2415,188923,93661,266942,132809,181920,89604,28083,25988,347,1630,118,3729,24177,433637,215201,34542,33820,3702,2141,179131,88851,156160,77257,26619,24663,305,1542,109,3599,20369,405211,201299,33153,32439,3369,1861,157068,78033,142167,70238,25347,23507,282,1458,100,3446,19707,385327,191720,32353,31647,3238,1802,154784,76766,150235,74125,24358,22572,269,1421,96
"서울특별시","계",869,3829,92400,45337,6657,6573,1680,1054,43523,21389,48941,24027,71490,34982,3828,3687,141,884,4170,91195,44676,6651,6575,591,390,42518,20790,48750,23882,73823,36002,3962,3818,144,888,4275,91394,44862,6903,6818,716,484,41574,20389,49680,24416,67383,32784,4151,3757,119,228,47,879,4319,91026,44843,7023,6941,680,456,39998,19835,50637,24890,35502,17387,4114,3730,117,222,45,880,4360,88987,44040,7092,7007,790,518,38407,18896,55497,29869,33997,16401,4132,3813,64,220,35,876,4365,85213,42190,6958,6877,737,461,36672,18103,48534,24106,32369,15880,4051,3753,52,218,28,830,4200,78009,38568,6530,6455,665,422,34754,17096,42894,21261,30910,15103,3794,3513,55,204,22,795,4102,74657,36701,6517,6435,665,422,34183,16684,27493,13535,3594,3320,50,201,23,787,3704,69958,34553,6391,6306,648,409,30239,14926,24624,12120,3482,3221,43,196,22,788,3704,66524,32686,6446,6352,637,407,29237,14277,26558,13056,3372,3132,37,185,18
"서울특별시","국립",-,-,-,-,-,-,-,-,-,-,-,-,-,-,-,-,-,-,-,-,-,-,-,-,-,-,-,-,-,-,-,-,-,-,-,-,-,-,-,-,-,-,-,-,-,-,-,-,-,-,-,-,-,-,-,-,-,-,-,-,-,-,-,-,-,-,-,-,-,-,-,-,-,-,-,-,-,-,-,-,-,-,-,-,-,-,-,-,-,-,-,0,0,0,0,0,0,0,0,0,0,0,0,0,0,0,0,0,0,0,0,0,0,0,0,0,0,0,0,0,0,0,0,0,0,0,0,0,0,-,-,-,-,-,-,-,-,-,-,-,-,-,-,-,-,-,-,-,-,-,-,-,-,-,-,-,-,-,-,-,-,-,-,-,-,-,-,-,-,-,-,-,-,-,-,-,-,-,-,-
"서울특별시","공립",169,552,12027,5856,765,764,127,113,7345,3517,4719,2359,10776,5294,83,82,1,185,633,13552,6563,825,821,32,13,7739,3702,5842,2848,11853,5790,135,127,8,197,710,15107,7340,901,895,48,18,7979,3875,7084,3414,12005,5780,145,141,-,3,1,202,749,15480,7561,946,940,64,30,7748,3758,7585,3733,7128,3405,146,143,-,3,-,209,788,15003,7346,994,988,65,36,7170,3472,7828,3858,6932,3334,146,143,-,3,-,226,845,15366,7462,1046,1036,67,41,7865,3800,7562,3663,6643,3254,148,144,0,4,0,236,915,15889,7765,1150,1140,82,51,8293,4100,7528,3638,6850,3300,174,163,5,6,0,256,1098,17193,8322,1399,1386,127,78,8864,4265,7122,3448,309,289,5,15,-,274,1193,16724,8068,1522,1507,138,87,8448,4083,6795,3315,331,312,5,14,-,293,1269,15971,7637,1636,1616,139,90,7677,3690,7353,3540,357,337,5,15,-
"서울특별시","사립",700,3277,80373,39481,5892,5809,1553,941,36178,17872,44222,21668,60714,29688,3745,3605,140,699,3537,77643,38113,5826,5754,559,377,34779,17088,42908,21034,61970,30212,3827,3691,136,691,3565,76287,37522,6002,5923,668,466,33595,16514,42596,21002,55378,27004,4006,3616,119,225,46,677,3570,75546,37282,6077,6001,616,426,32250,16077,43052,21157,28374,13982,3968,3587,117,219,45,671,3572,73984,36694,6098,6019,725,482,31237,15424,47669,26011,27065,13067,3986,3670,64,217,35,650,3520,69847,34728,5912,5841,670,420,28807,14303,40972,20443,25726,12626,3903,3609,52,214,28,594,3285,62120,30803,5380,5315,583,371,26461,12996,35366,17623,24060,11803,3620,3350,50,198,22,539,3004,57464,28379,5118,5049,538,344,25319,12419,20371,10087,3285,3031,45,186,23,513,2511,53234,26485,4869,4799,510,322,21791,10843,17829,8805,3151,2909,38,182,22,495,2435,50553,25049,4810,4736,498,317,21560,10587,19205,9516,3015,2795,32,170,18
"부산광역시","계",383,1816,44217,21588,3137,3094,682,415,19996,9774,24063,11730,33833,16772,1904,1837,67,395,2013,43909,21435,3406,3352,300,232,20036,9900,23734,11466,34605,16793,1955,1899,56,403,1986,45175,22223,3478,3432,351,267,20249,9907,24306,12028,32587,15889,2125,1887,89,144,5,412,2046,46628,22915,3558,3508,346,252,20429,10020,25956,12764,17867,8728,2191,1957,77,152,5,417,2085,45853,22642,3672,3618,500,370,19868,9747,26089,12902,17677,8632,2323,2111,40,169,3,413,2162,44361,21727,3592,3534,292,186,18391,8900,25745,12657,17667,8694,2242,2070,36,133,3,408,2183,42240,20642,3519,3464,296,180,17938,8856,23910,11707,17721,8586,2205,2036,34,131,4,403,2145,40765,20026,3467,3412,285,173,17405,8606,15560,7666,2130,1968,28,130,4,397,1961,38651,19140,3428,3376,274,168,15759,7734,14997,7282,2055,1889,28,134,4,394,1956,36308,18012,3410,3353,265,168,15853,7808,15306,7445,2006,1840,26,136,4
"부산광역시","국립",-,-,-,-,-,-,-,-,-,-,-,-,-,-,-,-,-,-,-,-,-,-,-,-,-,-,-,-,-,-,-,-,-,-,-,-,-,-,-,-,-,-,-,-,-,-,-,-,-,-,-,-,-,-,-,-,-,-,-,-,-,-,-,-,-,-,-,-,-,-,-,-,-,-,-,-,-,-,-,-,-,-,-,-,-,-,-,-,-,-,-,0,0,0,0,0,0,0,0,0,0,0,0,0,0,0,0,0,0,0,0,0,0,0,0,0,0,0,0,0,0,0,0,0,0,0,0,0,0,-,-,-,-,-,-,-,-,-,-,-,-,-,-,-,-,-,-,-,-,-,-,-,-,-,-,-,-,-,-,-,-,-,-,-,-,-,-,-,-,-,-,-,-,-,-,-,-,-,-,-
"부산광역시","공립",70,190,3871,1850,250,250,82,79,2186,1037,1665,814,3270,1614,76,76,-,76,216,4338,2066,278,276,18,14,2320,1104,1965,918,3731,1778,66,64,2,80,252,5272,2497,327,326,22,19,2992,1416,2266,1072,3722,1762,107,84,6,17,-,92,304,6263,2988,379,377,28,24,3383,1637,2864,1346,2318,1093,161,129,6,26,-,99,341,6924,3386,437,436,41,31,3574,1761,3328,1614,2582,1232,238,197,-,41,-,99,350,6990,3376,456,455,44,37,3175,1490,3772,1873,2953,1422,173,155,0,18,0,102,378,7412,3537,548,546,43,35,3706,1817,3658,1756,3009,1462,180,160,0,19,1,116,454,8201,3973,669,664,56,45,4173,2028,3167,1505,226,203,-,22,1,121,488,8063,3900,731,724,64,51,3783,1803,3476,1684,241,214,-,26,1,136,565,7921,3848,882,876,74,60,3986,1934,3628,1724,313,275,-,37,1
"부산광역시","사립",313,1626,40346,19738,2887,2844,600,336,17810,8737,22398,10916,30563,15158,1828,1761,67,319,1797,39571,19369,3128,3076,282,218,17716,8796,21769,10548,30874,15015,1889,1835,54,323,1734,39903,19726,3151,3106,329,248,17257,8491,22040,10956,28865,14127,2018,1803,83,127,5,320,1742,40365,19927,3179,3131,318,228,17046,8383,23092,11418,15549,7635,2030,1828,71,126,5,318,1744,38929,19256,3235,3182,459,339,16294,7986,22761,11288,15095,7400,2085,1914,40,128,3,314,1812,37371,18351,3136,3079,248,149,15216,7410,21973,10784,14714,7272,2069,1915,36,115,3,306,1805,34828,17105,2971,2918,253,145,14232,7039,20252,9951,14712,7124,2025,1876,34,112,3,287,1691,32564,16053,2798,2748,229,128,13232,6578,12393,6161,1904,1765,28,108,3,276,1473,30588,15240,2697,2652,210,117,11976,5931,11521,5598,1814,1675,28,108,3,258,1391,28387,14164,2528,2477,191,108,11867,5874,11678,5721,1693,1565,26,99,3
"대구광역시","계",361,1471,34550,16715,2538,2468,405,257,18116,8693,16217,7951,24244,11770,1397,1363,34,375,1690,34554,16617,2741,2656,147,102,17820,8722,16789,8005,27807,13463,1586,1538,48,392,1834,36951,17900,2946,2857,255,177,18575,8982,18184,8795,27067,12904,1902,1672,33,183,14,375,1884,38865,19061,3064,2975,155,101,18648,9177,19837,9670,15131,7225,2044,1794,33,206,11,370,1935,38936,19154,3002,2921,193,128,18102,8839,20596,10162,15714,7509,2135,1853,31,243,8,369,1968,38475,19019,3023,2941,282,211,17434,8659,21090,10380,16175,7969,2168,1870,33,257,8,355,1908,36185,17962,2928,2854,266,186,16687,8216,19418,9691,15901,7818,2078,1800,25,241,12,346,1893,35651,17597,2828,2757,245,160,16124,7920,14162,7046,2019,1751,26,230,12,342,1680,33958,16842,2938,2877,248,154,14643,7313,13721,6731,1958,1701,24,221,12,329,1628,32272,16159,2879,2806,231,147,14293,7139,13697,6719,1869,1614,22,221,12
"대구광역시","국립",-,-,-,-,-,-,-,-,-,-,-,-,-,-,-,-,-,-,-,-,-,-,-,-,-,-,-,-,-,-,-,-,-,-,-,-,-,-,-,-,-,-,-,-,-,-,-,-,-,-,-,-,-,-,-,-,-,-,-,-,-,-,-,-,-,-,-,-,-,-,-,-,-,-,-,-,-,-,-,-,-,-,-,-,-,-,-,-,-,-,-,0,0,0,0,0,0,0,0,0,0,0,0,0,0,0,0,0,0,0,0,0,0,0,0,0,0,0,0,0,0,0,0,0,0,0,0,0,0,-,-,-,-,-,-,-,-,-,-,-,-,-,-,-,-,-,-,-,-,-,-,-,-,-,-,-,-,-,-,-,-,-,-,-,-,-,-,-,-,-,-,-,-,-,-,-,-,-,-,-
"대구광역시","공립",128,225,4167,1974,298,297,11,9,2933,1364,1240,613,4092,2022,16,16,-,126,232,4591,2146,339,332,10,9,3086,1439,1529,716,4349,2042,34,34,-,126,231,4897,2331,379,377,10,9,2842,1341,2071,1007,4446,2077,39,34,-,5,-,107,269,5692,2754,419,417,26,19,3694,1810,2015,955,2434,1170,146,111,5,30,-,104,311,6415,3135,381,380,39,32,3958,1875,2400,1221,2957,1384,227,164,5,58,-,105,326,6720,3248,441,440,40,37,3651,1777,3025,1457,3443,1693,248,179,5,64,0,111,384,7499,3695,532,531,43,37,4279,2104,3176,1568,3503,1689,278,218,4,56,0,113,402,7286,3569,598,596,42,34,3718,1798,3506,1722,281,219,4,58,-,115,426,7186,3548,659,657,48,39,3893,1940,3424,1670,307,244,4,59,-,116,430,6366,3118,662,657,50,44,3407,1650,3389,1649,322,251,4,67,-
"대구광역시","사립",233,1246,30383,14741,2240,2171,394,248,15183,7329,14977,7338,20152,9748,1381,1347,34,249,1458,29963,14471,2402,2324,137,93,14734,7283,15260,7289,23458,11421,1552,1504,48,266,1603,32054,15569,2567,2480,245,168,15733,7641,16113,7788,22621,10827,1863,1638,33,178,14,268,1615,33173,16307,2645,2558,129,82,14954,7367,17822,8715,12697,6055,1898,1683,28,176,11,266,1624,32521,16019,2621,2541,154,96,14144,6964,18196,8941,12757,6125,1908,1689,26,185,8,264,1642,31755,15771,2582,2501,242,174,13783,6882,18065,8923,12732,6276,1920,1691,28,193,8,244,1524,28686,14267,2396,2323,223,149,12408,6112,16242,8123,12398,6129,1800,1582,21,185,12,233,1491,28365,14028,2230,2161,203,126,12406,6122,10656,5324,1738,1532,22,172,12,227,1254,26772,13294,2279,2220,200,115,10750,5373,10297,5061,1651,1457,20,162,12,213,1198,25906,13041,2217,2149,181,103,10886,5489,10308,5070,1547,1363,18,154,12
"인천광역시","계",411,1830,41594,20303,2644,2613,693,457,21371,10450,20247,9844,32822,16007,1683,1639,44,412,1995,40369,19798,2685,2654,389,243,18991,9321,21229,10458,37530,18455,1708,1683,25,418,2098,42389,20813,2901,2871,443,270,20685,10118,21512,10600,23093,11319,1854,1754,12,78,10,427,2223,44625,21954,2989,2958,444,261,20669,10121,23993,11887,17494,8518,1967,1851,21,84,11,430,2117,44009,21809,3042,2999,505,344,19791,9891,24649,12296,17543,8540,1996,1879,14,93,10,423,2276,42324,21067,3095,3057,314,188,19195,9594,22826,11289,17330,8499,1989,1870,12,97,10,403,2172,39373,19501,2853,2819,256,140,17905,8803,21213,10562,16627,8248,1876,1758,15,93,10,404,2119,38319,18913,2920,2882,270,155,17103,8458,14852,7336,1802,1694,8,91,9,399,1936,36170,17984,2891,2849,283,162,15576,7744,13548,6654,1759,1655,6,89,9,396,1951,35427,17570,2909,2863,293,177,15395,7600,14607,7092,1753,1650,5,89,9
"인천광역시","국립",-,-,-,-,-,-,-,-,-,-,-,-,-,-,-,-,-,-,-,-,-,-,-,-,-,-,-,-,-,-,-,-,-,-,-,-,-,-,-,-,-,-,-,-,-,-,-,-,-,-,-,-,-,-,-,-,-,-,-,-,-,-,-,-,-,-,-,-,-,-,-,-,-,-,-,-,-,-,-,-,-,-,-,-,-,-,-,-,-,-,-,0,0,0,0,0,0,0,0,0,0,0,0,0,0,0,0,0,0,0,0,0,0,0,0,0,0,0,0,0,0,0,0,0,0,0,0,0,0,-,-,-,-,-,-,-,-,-,-,-,-,-,-,-,-,-,-,-,-,-,-,-,-,-,-,-,-,-,-,-,-,-,-,-,-,-,-,-,-,-,-,-,-,-,-,-,-,-,-,-
"인천광역시","공립",152,373,8118,3918,454,454,194,177,6375,3092,1785,860,6601,3173,73,73,-,154,399,8375,4047,477,476,31,21,5333,2571,3020,1472,8031,3890,74,74,-,156,428,8879,4298,512,511,42,29,5401,2601,3354,1635,7503,3639,108,92,-,16,-,161,454,9637,4618,548,546,40,26,5669,2676,4017,1996,5277,2526,109,92,-,17,-,165,491,10078,4795,591,587,52,36,5953,2868,4280,2030,5288,2550,145,118,-,27,-,167,512,9980,4831,631,627,52,35,5701,2811,4281,2030,5516,2631,145,118,0,27,0,169,537,10068,4881,646,642,46,30,5945,2914,4037,1935,5366,2603,147,120,0,27,0,180,577,9531,4541,713,705,46,32,5279,2514,5205,2565,147,121,-,26,-,186,625,9308,4586,769,762,52,37,5584,2773,4527,2143,178,152,-,26,-,191,685,8589,4197,846,838,60,45,4736,2384,4721,2268,226,197,-,29,-
"인천광역시","사립",259,1457,33476,16385,2190,2159,499,280,14996,7358,18462,8984,26221,12834,1610,1566,44,258,1596,31994,15751,2208,2178,358,222,13658,6750,18209,8986,29499,14565,1634,1609,25,262,1670,33510,16515,2389,2360,401,241,15284,7517,18158,8965,15590,7680,1746,1662,12,62,10,266,1769,34988,17336,2441,2412,404,235,15000,7445,19976,9891,12217,5992,1858,1759,21,67,11,265,1626,33931,17014,2451,2412,453,308,13838,7023,20369,10266,12255,5990,1851,1761,14,66,10,256,1764,32344,16236,2464,2430,262,153,13494,6783,18545,9259,11814,5868,1844,1752,12,70,10,234,1635,29305,14620,2207,2177,210,110,11960,5889,17176,8627,11261,5645,1729,1638,15,66,10,224,1542,28788,14372,2207,2177,224,123,11824,5944,9647,4771,1655,1573,8,65,9,213,1311,26862,13398,2122,2087,231,125,9992,4971,9021,4511,1581,1503,6,63,9,205,1266,26838,13373,2063,2025,233,132,10659,5216,9886,4824,1527,1453,5,60,9
"광주광역시","계",295,1091,22676,11066,1732,1704,212,137,10793,5255,11953,5829,19659,9549,1073,1044,29,308,1261,22288,10997,1789,1761,231,133,10207,5007,12069,5955,18301,8969,1190,1150,40,315,1232,23741,11544,1909,1881,306,226,11319,5436,12324,6010,16540,8133,1366,1123,101,133,9,321,1302,24790,11964,1924,1890,289,204,11362,5455,13343,6462,10053,4900,1454,1206,104,135,9,318,1279,24654,12046,1976,1947,261,190,10965,5335,13587,6572,9893,4769,1442,1253,48,132,9,314,1356,24609,12057,1969,1938,140,79,11296,5511,13454,6565,9685,4688,1392,1213,49,121,9,312,1279,23252,11459,1884,1860,140,77,10550,5248,12782,6265,9676,4692,1356,1183,45,120,8,298,1264,23220,11485,1963,1941,144,81,10519,5200,8837,4300,1276,1119,37,113,7,294,1178,22198,10957,1925,1899,148,81,9518,4643,8673,4262,1202,1056,34,106,6,288,1163,20998,10417,1826,1806,147,79,8844,4376,8791,4249,1178,1040,29,103,6
"광주광역시","국립",-,-,-,-,-,-,-,-,-,-,-,-,-,-,-,-,-,-,-,-,-,-,-,-,-,-,-,-,-,-,-,-,-,-,-,-,-,-,-,-,-,-,-,-,-,-,-,-,-,-,-,-,-,-,-,-,-,-,-,-,-,-,-,-,-,-,-,-,-,-,-,-,-,-,-,-,-,-,-,-,-,-,-,-,-,-,-,-,-,-,-,0,0,0,0,0,0,0,0,0,0,0,0,0,0,0,0,0,0,0,0,0,0,0,0,0,0,0,0,0,0,0,0,0,0,0,0,0,0,-,-,-,-,-,-,-,-,-,-,-,-,-,-,-,-,-,-,-,-,-,-,-,-,-,-,-,-,-,-,-,-,-,-,-,-,-,-,-,-,-,-,-,-,-,-,-,-,-,-,-
"광주광역시","공립",120,200,3964,1937,318,318,33,27,2458,1153,1546,797,6464,3204,80,80,-,123,215,3980,1951,319,318,12,5,2378,1158,1597,790,4015,1942,112,111,1,126,235,4484,2168,374,373,15,6,2814,1339,1643,819,3687,1805,105,100,-,5,-,127,251,4575,2188,333,332,27,16,2628,1244,1952,941,2553,1249,132,121,3,8,-,127,239,4379,2107,373,372,26,18,2556,1236,1852,884,2592,1204,103,98,-,5,-,129,251,4495,2178,395,394,24,14,2709,1292,1822,891,2448,1167,83,82,0,1,0,130,263,4640,2266,437,436,25,18,2888,1443,1808,862,2505,1231,80,80,0,0,0,133,293,4695,2290,541,540,30,21,2773,1333,2509,1193,89,89,-,-,-,136,304,4410,2177,542,539,30,22,2690,1323,2447,1193,89,89,-,-,-,136,305,3827,1919,471,470,30,21,2260,1114,2351,1138,89,89,-,-,-
"광주광역시","사립",175,891,18712,9129,1414,1386,179,110,8335,4102,10407,5032,13195,6345,993,964,29,185,1046,18308,9046,1470,1443,219,128,7829,3849,10472,5165,14286,7027,1078,1039,39,189,997,19257,9376,1535,1508,291,220,8505,4097,10681,5191,12853,6328,1261,1023,101,128,9,194,1051,20215,9776,1591,1558,262,188,8734,4211,11391,5521,7500,3651,1322,1085,101,127,9,191,1040,20275,9939,1603,1575,235,172,8409,4099,11735,5688,7301,3565,1339,1155,48,127,9,185,1105,20114,9879,1574,1544,116,65,8587,4219,11632,5674,7237,3521,1309,1131,49,120,9,182,1016,18612,9193,1447,1424,115,59,7662,3805,10974,5403,7171,3461,1276,1103,45,120,8,165,971,18525,9195,1422,1401,114,60,7746,3867,6328,3107,1187,1030,37,113,7,158,874,17788,8780,1383,1360,118,59,6828,3320,6226,3069,1113,967,34,106,6,152,858,17171,8498,1355,1336,117,58,6584,3262,6440,3111,1089,951,29,103,6
"대전광역시","계",260,1201,25263,12410,1797,1753,230,178,13096,6207,12529,6211,23306,11398,1111,1085,26,265,1313,25024,12235,1879,1832,96,56,12100,5923,12759,6245,19592,9591,1126,1100,26,268,1284,25660,12507,1904,1857,187,132,12444,5871,13478,6549,20320,9970,1193,1070,62,59,2,269,1299,25921,12573,1953,1897,222,134,12006,5638,14091,6884,12213,6021,1200,1080,66,52,2,269,1275,25067,12337,1976,1921,572,436,10961,5385,14318,6978,10293,4963,1216,1107,52,55,2,269,1295,24012,11837,2004,1948,249,138,10565,5157,13561,6705,9792,4773,1216,1143,10,61,2,260,1339,22898,11328,1921,1870,231,134,10220,5046,12688,6264,9396,4520,1155,1084,10,61,0,256,1323,22132,10808,1933,1883,182,98,9451,4673,8533,4241,1119,1065,6,48,-,253,1219,21276,10406,1915,1870,139,72,8679,4149,8199,3977,1098,1044,10,44,-,255,1215,20405,9976,1947,1900,132,71,8628,4198,8470,4177,1118,1052,13,53,-
"대전광역시","국립",-,-,-,-,-,-,-,-,-,-,-,-,-,-,-,-,-,-,-,-,-,-,-,-,-,-,-,-,-,-,-,-,-,-,-,-,-,-,-,-,-,-,-,-,-,-,-,-,-,-,-,-,-,-,-,-,-,-,-,-,-,-,-,-,-,-,-,-,-,-,-,-,-,-,-,-,-,-,-,-,-,-,-,-,-,-,-,-,-,-,-,0,0,0,0,0,0,0,0,0,0,0,0,0,0,0,0,0,0,0,0,0,0,0,0,0,0,0,0,0,0,0,0,0,0,0,0,0,0,-,-,-,-,-,-,-,-,-,-,-,-,-,-,-,-,-,-,-,-,-,-,-,-,-,-,-,-,-,-,-,-,-,-,-,-,-,-,-,-,-,-,-,-,-,-,-,-,-,-,-
"대전광역시","공립",90,207,3913,1868,257,254,100,99,2824,1342,1157,556,4731,2219,48,48,-,93,235,4413,2142,282,279,15,13,2757,1357,1677,820,3946,1882,38,38,-,95,242,4829,2333,289,285,20,17,2822,1367,2048,980,4120,1979,52,49,-,3,-,96,247,4788,2299,295,291,17,14,2520,1217,2213,1055,2664,1315,53,51,-,2,-,97,256,4766,2308,327,324,18,14,2725,1298,2164,1050,2420,1180,78,74,-,4,-,98,272,4519,2163,354,351,19,16,2503,1193,2140,1025,2376,1142,62,58,0,4,0,99,291,4409,2124,379,376,20,17,2458,1204,2009,951,2333,1101,70,65,0,5,0,102,303,4306,2040,420,413,19,13,2296,1111,2145,1047,65,60,-,5,-,103,311,4068,1976,443,436,23,15,2332,1088,2066,948,73,69,-,4,-,105,331,3805,1782,454,446,25,17,2124,987,1982,993,88,81,-,7,-
"대전광역시","사립",170,994,21350,10542,1540,1499,130,79,10272,4865,11372,5655,18575,9179,1063,1037,26,172,1078,20611,10093,1597,1553,81,43,9343,4566,11082,5425,15646,7709,1088,1062,26,173,1042,20831,10174,1615,1572,167,115,9622,4504,11430,5569,16200,7991,1141,1021,62,56,2,173,1052,21133,10274,1658,1606,205,120,9486,4421,11878,5829,9549,4706,1147,1029,66,50,2,172,1019,20301,10029,1649,1597,554,422,8236,4087,12154,5928,7873,3783,1138,1033,52,51,2,171,1023,19493,9674,1650,1597,230,122,8062,3964,11421,5680,7416,3631,1154,1085,10,57,2,161,1048,18489,9204,1542,1494,211,117,7762,3842,10679,5313,7063,3419,1085,1019,10,56,0,154,1020,17826,8768,1513,1470,163,85,7155,3562,6388,3194,1054,1005,6,43,-,150,908,17208,8430,1472,1434,116,57,6347,3061,6133,3029,1025,975,10,40,-,150,884,16600,8194,1493,1454,107,54,6504,3211,6488,3184,1030,971,13,46,-
"울산광역시","계",193,809,19032,9211,1172,1146,228,149,9402,4538,9622,4611,11411,5483,757,749,8,196,816,18336,8815,1224,1193,49,28,8674,4162,9706,4704,13665,6602,770,770,-,194,879,19177,9180,1225,1202,60,30,9223,4408,9938,4814,12665,6039,819,748,7,54,10,196,877,19604,9520,1284,1259,59,30,8883,4353,10802,5193,8012,3845,846,783,5,56,2,199,879,19571,9517,1301,1277,86,47,8680,4210,10846,5330,8024,3871,850,807,-,43,-,197,925,18545,9256,1270,1241,100,57,8144,4019,10351,5148,7679,3654,836,796,0,40,0,200,940,17266,8628,1186,1161,97,58,8053,3955,9088,4585,7609,3776,792,756,0,36,0,198,936,16882,8331,1208,1180,94,55,7542,3733,6570,3268,776,738,-,38,-,196,820,15871,7883,1187,1165,99,54,6830,3408,6435,3160,768,720,3,44,1,191,796,14779,7310,1167,1144,98,57,6389,3129,6396,3105,742,695,3,43,1
"울산광역시","국립",-,-,-,-,-,-,-,-,-,-,-,-,-,-,-,-,-,-,-,-,-,-,-,-,-,-,-,-,-,-,-,-,-,-,-,-,-,-,-,-,-,-,-,-,-,-,-,-,-,-,-,-,-,-,-,-,-,-,-,-,-,-,-,-,-,-,-,-,-,-,-,-,-,-,-,-,-,-,-,-,-,-,-,-,-,-,-,-,-,-,-,0,0,0,0,0,0,0,0,0,0,0,0,0,0,0,0,0,0,0,0,0,0,0,0,0,0,0,0,0,0,0,0,0,0,0,0,0,0,-,-,-,-,-,-,-,-,-,-,-,-,-,-,-,-,-,-,-,-,-,-,-,-,-,-,-,-,-,-,-,-,-,-,-,-,-,-,-,-,-,-,-,-,-,-,-,-,-,-,-
"울산광역시","공립",77,150,2994,1452,179,178,57,52,2036,1003,976,473,2780,1341,34,34,-,78,155,3252,1523,184,183,9,6,1952,918,1314,637,2940,1446,34,34,-,78,167,3420,1580,201,200,12,7,1946,896,1452,687,2880,1352,38,34,-,4,-,77,185,3727,1817,224,221,11,7,2146,1057,1633,787,1902,888,45,41,-,4,-,79,196,3897,1876,229,226,17,11,2129,1024,1799,905,1851,899,45,41,-,4,-,80,211,3886,1914,270,265,23,16,2062,987,1773,891,1905,897,59,55,0,4,0,89,260,4417,2172,306,302,22,14,2587,1262,1741,871,1831,915,57,53,0,4,0,92,281,4567,2234,355,350,21,14,2452,1201,1964,959,74,70,-,4,-,93,304,4728,2331,379,374,28,20,2490,1247,2095,1038,113,103,3,6,1,93,309,4471,2161,412,408,31,23,2228,1058,2155,1040,113,103,3,6,1
"울산광역시","사립",116,659,16038,7759,993,968,171,97,7366,3535,8646,4138,8631,4142,723,715,8,118,661,15084,7292,1040,1010,40,22,6722,3244,8392,4067,10725,5156,736,736,-,116,712,15757,7600,1024,1002,48,23,7277,3512,8486,4127,9785,4687,781,714,7,50,10,119,692,15877,7703,1060,1038,48,23,6737,3296,9169,4406,6110,2957,801,742,5,52,2,120,683,15674,7641,1072,1051,69,36,6551,3186,9047,4425,6173,2972,805,766,-,39,-,117,714,14659,7342,1000,976,77,41,6082,3032,8578,4257,5774,2757,777,741,0,36,0,111,680,12849,6456,880,859,75,44,5466,2693,7347,3714,5778,2861,735,703,0,32,0,106,655,12315,6097,853,830,73,41,5090,2532,4606,2309,702,668,-,34,-,103,516,11143,5552,808,791,71,34,4340,2161,4340,2122,655,617,-,38,-,98,487,10308,5149,755,736,67,34,4161,2071,4241,2065,629,592,-,37,-
"세종특별자치시","계",25,70,1305,686,94,94,11,6,674,358,622,317,1242,606,44,43,1,30,107,1699,882,155,151,16,13,1083,558,620,315,1312,687,98,93,5,43,226,4108,2019,320,317,57,37,2705,1313,1166,573,1961,995,259,209,8,39,3,45,256,4888,2403,504,501,51,40,3977,2766,2505,1241,2106,1020,284,242,5,34,3,53,334,5370,2637,539,536,81,59,3059,1460,2377,1197,2465,1198,381,331,6,41,3,59,400,6393,3212,728,722,97,75,3645,1827,2771,1377,2512,1218,404,366,4,33,1,60,410,6541,3252,861,852,92,74,3293,1614,3303,1660,2919,1465,412,372,4,35,1,61,423,6763,3350,940,930,91,71,3089,1535,2804,1369,428,385,4,38,1,62,426,6600,3269,964,954,98,76,3033,1509,2702,1333,445,399,4,41,1,64,440,6422,3187,1034,1023,108,88,2903,1461,2811,1401,460,414,4,41,1
"세종특별자치시","국립",-,-,-,-,-,-,-,-,-,-,-,-,-,-,-,-,-,-,-,-,-,-,-,-,-,-,-,-,-,-,-,-,-,-,-,-,-,-,-,-,-,-,-,-,-,-,-,-,-,-,-,-,-,-,-,-,-,-,-,-,-,-,-,-,-,-,-,-,-,-,-,-,-,-,-,-,-,-,-,-,-,-,-,-,-,-,-,-,-,-,-,0,0,0,0,0,0,0,0,0,0,0,0,0,0,0,0,0,0,0,0,0,0,0,0,0,0,0,0,0,0,0,0,0,0,0,0,0,0,-,-,-,-,-,-,-,-,-,-,-,-,-,-,-,-,-,-,-,-,-,-,-,-,-,-,-,-,-,-,-,-,-,-,-,-,-,-,-,-,-,-,-,-,-,-,-,-,-,-,-
"세종특별자치시","공립",22,57,1019,530,76,76,6,4,562,298,448,222,949,456,31,30,1,27,94,1454,751,137,133,16,13,990,506,468,236,1065,552,84,80,4,40,214,3894,1923,304,301,57,37,2615,1273,1047,518,1755,883,246,196,8,39,3,42,243,4629,2273,487,484,48,39,2257,1101,2371,1180,2036,986,271,229,5,34,3,50,321,5117,2502,521,518,73,56,2973,1415,2205,1105,2395,1169,368,318,6,41,3,56,387,6147,3072,710,704,88,71,3548,1775,2621,1293,2427,1174,391,353,4,33,1,57,397,6353,3151,846,837,88,72,3226,1583,3182,1593,2821,1408,399,359,4,35,1,58,410,6580,3248,925,915,91,71,3029,1498,2751,1338,415,372,4,38,1,60,418,6474,3210,953,943,98,76,2966,1486,2654,1305,435,389,4,41,1,62,433,6311,3133,1020,1009,108,88,2842,1430,2757,1376,450,404,4,41,1
"세종특별자치시","사립",3,13,286,156,18,18,5,2,112,60,174,95,293,150,13,13,-,3,13,245,131,18,18,-,-,93,52,152,79,247,135,14,13,1,3,12,214,96,16,16,-,-,90,40,119,55,206,112,13,13,-,-,-,3,13,259,130,17,17,3,1,1720,1665,134,61,70,34,13,13,-,-,-,3,13,253,135,18,18,8,3,86,45,172,92,70,29,13,13,-,-,-,3,13,246,140,18,18,9,4,97,52,150,84,85,44,13,13,0,0,0,3,13,188,101,15,15,4,2,67,31,121,67,98,57,13,13,0,0,0,3,13,183,102,15,15,-,-,60,37,53,31,13,13,-,-,-,2,8,126,59,11,11,-,-,67,23,48,28,10,10,-,-,-,2,7,111,54,14,14,-,-,61,31,54,25,10,10,-,-,-
"경기도","계",2087,8266,182231,89213,11483,11299,2359,1512,93441,45579,88394,43346,147795,72542,6741,6632,109,2137,9118,181812,88990,12375,12146,1353,872,88752,43625,92429,45128,148304,72493,7403,7275,128,2188,9335,191293,93959,13202,12984,1448,944,96294,45858,97872,48123,137257,67271,8198,7700,87,390,21,2234,10211,196618,96907,13660,13437,2015,1352,90187,44491,105911,52137,80850,39364,9192,8569,121,473,29,2258,10677,194299,95950,13938,13714,3093,2108,85509,42009,108997,54027,78278,38176,9907,9228,131,517,31,2275,11112,189645,93806,14230,13989,2343,1527,84653,42022,105093,51765,76838,37635,9207,8702,84,402,19,2237,10981,176782,87549,13852,13622,1773,1066,80262,39775,96536,47764,74852,36654,9124,8586,100,421,17,2206,10632,169686,83921,13757,13545,1625,962,77802,38301,66352,32520,8865,8365,78,402,20,2209,9605,161980,79953,13839,13610,1498,851,73739,36256,58415,28678,8811,8334,83,375,19,2175,9613,153149,75587,14247,14022,1509,882,67523,33311,65391,32240,8825,8314,92,399,20
"경기도","국립",-,-,-,-,-,-,-,-,-,-,-,-,-,-,-,-,-,-,-,-,-,-,-,-,-,-,-,-,-,-,-,-,-,-,-,-,-,-,-,-,-,-,-,-,-,-,-,-,-,-,-,-,-,-,-,-,-,-,-,-,-,-,-,-,-,-,-,-,-,-,-,-,-,-,-,-,-,-,-,-,-,-,-,-,-,-,-,-,-,-,-,0,0,0,0,0,0,0,0,0,0,0,0,0,0,0,0,0,0,0,0,0,0,0,0,0,0,0,0,0,0,0,0,0,0,0,0,0,0,-,-,-,-,-,-,-,-,-,-,-,-,-,-,-,-,-,-,-,-,-,-,-,-,-,-,-,-,-,-,-,-,-,-,-,-,-,-,-,-,-,-,-,-,-,-,-,-,-,-,-
"경기도","공립",1073,2055,38607,18677,2557,2555,297,235,28963,13998,9627,4644,47550,23237,388,382,6,1089,2242,39393,19071,2818,2776,118,57,26546,12852,12917,6306,38116,18449,527,515,12,1117,2439,42447,20610,2989,2975,160,71,26046,12608,16263,7909,35196,17129,569,527,15,27,-,1137,2615,45200,21827,3132,3118,167,80,25991,12563,19117,9242,24334,11755,1239,1065,42,124,8,1158,2831,46146,22183,3365,3348,218,111,26178,12558,20493,9958,25227,12138,1735,1490,63,171,11,1179,3016,46182,22368,3679,3650,249,140,25565,12529,20830,10013,25446,12260,926,846,17,62,1,1200,3194,47966,23080,3940,3905,254,148,27712,13459,20503,9872,24646,11853,1069,970,19,79,1,1237,3508,49151,23805,4460,4419,311,194,28109,13605,23908,11521,1266,1171,12,81,2,1271,3693,50025,24262,4961,4914,367,232,29895,14472,22940,11024,1592,1473,17,100,2,1282,3830,47216,22871,5413,5359,428,287,25685,12431,25046,12112,1896,1737,24,132,3
"경기도","사립",1014,6211,143624,70536,8926,8744,2062,1277,64478,31581,78767,38702,100245,49305,6353,6250,103,1048,6876,142419,69919,9557,9370,1235,815,62206,30773,79512,38822,110188,54044,6876,6760,116,1071,6896,148846,73349,10213,10009,1288,873,70248,33250,81609,40214,102061,50142,7629,7173,72,363,21,1097,7596,151418,75080,10528,10319,1848,1272,64196,31928,86794,42895,56516,27609,7953,7504,79,349,21,1100,7846,148153,73767,10573,10366,2875,1997,59331,29451,88504,44069,53051,26038,8172,7738,68,346,20,1096,8096,143463,71438,10551,10339,2094,1387,59088,29493,84263,41752,51392,25375,8281,7856,67,340,18,1037,7787,128816,64469,9912,9717,1519,918,52550,26316,76033,37892,50206,24801,8055,7616,81,342,16,969,7124,120535,60116,9297,9126,1314,768,49693,24696,42444,20999,7599,7194,66,321,18,938,5912,111955,55691,8878,8696,1131,619,43844,21784,35475,17654,7219,6861,66,275,17,893,5783,105933,52716,8834,8663,1081,595,41838,20880,40345,20128,6929,6577,68,267,17
"강원특별자치도","계",379,861,16007,7815,1248,1225,429,321,7931,3897,8081,3910,13001,6295,590,568,22,385,897,15947,7744,1320,1292,158,69,7950,3829,7975,3895,13785,6767,641,607,34,386,942,17387,8438,1457,1432,184,87,8861,4282,8571,4200,11698,5639,717,667,14,31,5,379,967,18149,8914,1499,1474,216,109,8825,4304,9302,4586,7874,3792,776,723,14,35,4,375,988,17438,8591,1531,1505,283,128,7763,3831,9686,4796,7497,3621,796,742,14,36,4,373,985,16561,8174,1505,1478,312,153,7236,3558,9226,4603,7503,3647,778,726,7,41,4,368,967,15388,7654,1474,1452,177,75,7009,3568,8427,4143,7135,3527,735,690,5,36,4,366,969,14679,7323,1468,1449,190,83,6798,3312,6335,3085,707,666,4,34,3,363,920,13684,6721,1424,1403,182,79,6142,3018,5970,2950,681,642,3,33,3,359,913,13168,6463,1384,1363,182,80,6092,2987,6001,2969,677,636,4,34,3
"강원특별자치도","국립",1,4,65,36,5,5,1,1,33,14,32,22,53,31,-,-,-,1,4,66,34,5,5,-,-,30,14,36,20,60,30,4,4,-,1,4,65,30,5,5,-,-,29,11,36,19,25,13,4,4,-,-,-,1,4,60,31,5,5,-,-,27,14,39,17,21,10,6,5,-,1,-,1,4,59,28,5,5,-,-,25,14,31,14,19,11,6,5,-,1,-,1,4,59,33,5,5,2,1,30,14,29,18,19,8,5,5,0,0,0,1,4,57,34,5,5,0,0,26,18,31,16,17,10,5,5,0,0,0,1,4,55,31,5,5,-,-,22,8,28,19,5,5,-,-,-,1,4,58,29,6,6,-,-,25,11,17,9,5,5,-,-,-,1,4,55,29,6,5,3,2,24,15,21,15,5,5,-,-,-
"강원특별자치도","공립",276,414,6175,2976,565,563,307,263,3644,1754,2519,1216,5298,2578,98,96,2,276,423,6053,2908,592,588,66,21,3495,1682,2528,1220,5607,2678,98,94,4,274,426,6533,3135,619,617,71,26,3903,1873,2660,1277,4659,2231,124,110,3,8,3,264,432,6609,3158,634,631,91,33,3948,1879,2618,1247,3736,1772,143,133,1,6,3,261,444,6575,3179,674,669,106,33,3739,1828,2817,1353,3341,1599,159,147,1,8,3,262,452,6223,3030,685,678,100,32,3285,1587,2943,1466,3403,1585,143,132,0,8,3,266,464,6197,3055,733,726,109,36,3504,1749,2843,1376,3310,1590,146,132,2,9,3,271,489,6113,2997,769,761,107,38,3356,1617,3054,1494,145,131,2,9,3,273,505,5962,2880,781,770,105,40,3409,1653,2949,1438,161,147,2,9,3,276,514,5839,2768,768,757,101,38,3320,1597,3049,1498,175,159,2,11,3
"강원특별자치도","사립",102,443,9767,4803,678,657,121,57,4254,2129,5530,2672,7650,3686,492,472,20,108,470,9828,4802,723,699,92,48,4425,2133,5411,2655,8118,4059,539,509,30,111,512,10789,5273,833,810,113,61,4929,2398,5875,2904,7014,3395,589,553,11,23,2,114,531,11480,5725,860,838,125,76,4850,2411,6645,3322,4117,2010,627,585,13,28,1,113,540,10804,5384,852,831,177,95,3999,1989,6838,3429,4137,2011,631,590,13,27,1,110,529,10279,5111,815,795,210,120,3921,1957,6254,3119,4081,2054,630,589,7,33,1,101,499,9134,4565,736,721,68,39,3479,1801,5553,2751,3808,1927,584,553,3,27,1,94,476,8511,4295,694,683,83,45,3420,1687,3253,1572,557,530,2,25,-,89,411,7664,3812,637,627,77,39,2708,1354,3004,1503,515,490,1,24,-,82,395,7274,3666,610,601,78,40,2748,1375,2931,1456,497,472,2,23,-
"충청북도","계",341,943,17446,8351,1297,1272,330,238,8330,4002,9213,4479,14325,6863,732,725,7,344,978,17489,8504,1439,1405,48,17,8734,4364,9060,4365,13758,6571,791,783,8,343,1022,18305,8849,1454,1423,103,55,8818,4297,9538,4594,13719,6685,989,897,21,62,9,345,1059,18932,9285,1553,1521,139,81,8500,4184,10347,5068,7249,3468,1048,956,20,64,8,345,1059,18351,9069,1555,1523,161,90,7804,3867,10415,5112,7485,3595,966,882,17,59,8,341,1067,17568,8708,1597,1565,169,94,7544,3790,10020,4918,7679,3836,777,733,4,33,7,328,1033,16629,8342,1529,1501,127,71,7913,3950,8903,4452,6641,3256,713,668,4,34,7,326,1083,16049,8029,1619,1585,126,73,6924,3385,6454,3168,694,652,7,31,4,327,1030,15576,7685,1669,1636,132,68,6587,3235,6239,3101,713,669,7,33,4,324,1039,14993,7357,1689,1657,136,70,6460,3189,6421,3175,720,669,7,40,4
"충청북도","국립",1,5,79,32,9,9,1,1,46,18,33,14,78,37,5,5,-,1,5,83,36,7,7,1,1,54,25,29,11,78,31,5,5,-,1,5,83,42,7,7,1,1,49,27,34,15,81,34,5,5,-,-,-,1,5,81,44,8,7,1,1,51,26,30,18,42,16,5,5,-,-,-,1,5,81,48,7,7,1,1,81,48,37,17,43,23,5,5,-,-,-,1,5,81,47,8,8,1,0,46,24,35,23,43,22,5,5,0,0,0,1,7,111,62,10,10,2,0,81,41,31,22,44,21,8,7,0,1,0,1,7,113,54,10,10,1,1,46,20,41,26,8,7,-,1,-,1,7,103,51,10,10,1,1,44,26,42,22,8,7,-,1,-,1,7,105,53,10,10,1,1,39,16,36,16,8,7,-,1,-
"충청북도","공립",253,492,8267,3967,658,655,154,129,4408,2097,3884,1897,7980,3854,262,261,1,250,498,8293,3979,705,699,47,16,4304,2072,4021,1920,7512,3615,249,248,1,250,526,8682,4186,732,728,62,30,4491,2175,4354,2096,7276,3535,416,365,17,32,2,250,543,8856,4273,764,761,63,33,4223,2051,4651,2228,3934,1897,470,419,16,34,1,248,541,8410,4078,779,775,70,39,3848,1879,4541,2182,4007,1905,367,324,14,28,1,245,549,8154,3983,845,838,70,39,3815,1887,4395,2144,3782,1857,176,172,0,4,0,245,593,8649,4285,911,903,72,45,4527,2249,4145,2037,3650,1776,192,186,0,6,0,245,604,8398,4166,1010,998,75,49,3903,1900,3664,1753,192,185,-,7,-,247,622,8236,4035,1078,1066,77,39,3963,1936,3611,1769,210,200,-,10,-,247,634,7840,3826,1102,1090,81,41,3773,1849,3618,1781,231,215,-,16,-
"충청북도","사립",87,446,9100,4352,630,608,175,108,3876,1887,5296,2568,6267,2972,465,459,6,93,475,9113,4489,727,699,-,-,4376,2267,5010,2434,6168,2925,537,530,7,92,491,9540,4621,715,688,40,24,4278,2095,5150,2483,6362,3116,568,527,4,30,7,94,511,9995,4968,781,753,75,47,4226,2107,5666,2822,3273,1555,573,532,4,30,7,96,513,9860,4943,769,741,90,50,3875,1940,5837,2913,3435,1667,594,553,3,31,7,95,513,9333,4678,744,719,98,55,3683,1879,5590,2751,3854,1957,596,556,4,29,7,82,433,7869,3995,608,588,53,26,3305,1660,4727,2393,2947,1459,513,475,4,27,7,80,472,7538,3809,599,577,50,23,2975,1465,2749,1389,494,460,7,23,4,79,401,7237,3599,581,560,54,28,2580,1273,2586,1310,495,462,7,22,4,76,398,7048,3478,577,557,54,28,2648,1324,2767,1378,481,447,7,23,4
"충청남도","계",507,1339,26411,12698,1970,1928,363,210,13128,6289,13197,6389,19428,9383,1041,1022,19,506,1368,26096,12692,2052,1971,206,124,12636,6218,13388,6441,21785,10528,1210,1193,17,503,1381,27141,13089,2119,2068,232,137,13785,6656,13690,6707,20245,9858,1547,1415,26,102,4,509,1524,28288,13693,2222,2175,284,184,13694,6677,14699,7074,11742,5612,1610,1468,14,123,5,508,1570,28242,13813,2273,2223,406,265,13499,6675,14866,7184,11983,5814,1637,1471,16,148,2,511,1627,27991,13810,2676,2614,424,251,13014,6407,15102,7477,12060,5762,1235,1154,7,68,6,499,1619,26671,13093,2477,2419,302,170,12466,6131,14210,6976,11651,5769,1210,1122,6,77,5,499,1630,25594,12613,2510,2461,242,132,11724,5790,10942,5371,1236,1130,9,92,5,498,1518,24556,12135,2555,2501,212,114,11086,5477,10317,5056,1240,1129,9,97,5,498,1540,23647,11656,2623,2572,219,122,11115,5494,10353,5046,1257,1145,7,100,5
"충청남도","국립",1,6,81,33,9,9,2,1,46,21,35,10,52,22,5,5,-,1,6,109,52,8,8,1,-,63,31,46,22,85,36,5,5,-,1,6,108,49,9,8,1,-,51,24,56,23,100,49,8,6,-,2,-,1,6,117,62,8,7,1,1,56,21,61,41,45,25,10,9,-,1,-,1,6,109,57,9,8,1,1,48,21,61,36,52,24,10,9,-,1,-,1,6,109,51,9,9,2,2,53,24,56,28,51,27,10,9,0,1,0,1,6,107,42,14,14,2,2,54,21,53,21,52,28,10,9,0,1,0,1,6,105,49,14,14,2,2,52,28,51,19,10,9,-,1,-,1,6,103,48,9,9,1,-,52,21,48,19,10,9,-,1,-,1,6,95,45,9,9,2,1,41,20,48,20,10,9,-,1,-
"충청남도","공립",368,560,8896,4208,796,790,70,36,5382,2526,3515,1688,8154,3929,202,199,3,367,571,9225,4454,873,828,59,27,5457,2690,3803,1805,8441,4035,346,342,4,367,575,9591,4565,883,876,67,38,5800,2751,3899,1897,8252,4011,623,536,20,63,4,368,594,9643,4587,889,881,60,27,5419,2612,4239,1976,5391,2590,605,509,8,83,5,370,640,10013,4877,930,919,64,30,5853,2873,4288,2089,5489,2565,629,510,10,108,1,373,670,9768,4762,1315,1298,65,32,5382,2582,4565,2237,5566,2673,196,170,0,26,0,370,694,9696,4683,1178,1160,69,36,5442,2648,4292,2065,5283,2568,207,179,0,28,0,372,717,9165,4402,1214,1201,72,41,5098,2484,5015,2439,221,193,-,28,-,374,717,8802,4248,1299,1282,74,43,5069,2484,4555,2186,236,202,-,34,-,376,748,8474,4099,1381,1361,89,55,4958,2387,4230,2009,274,242,-,32,-
"충청남도","사립",138,773,17434,8457,1165,1129,291,173,7700,3742,9647,4691,11222,5432,834,818,16,138,791,16762,8186,1171,1135,146,97,7116,3497,9539,4614,13259,6457,859,846,13,135,800,17442,8475,1227,1184,164,99,7934,3881,9735,4787,11893,5798,916,873,6,37,-,140,924,18528,9044,1325,1287,223,156,8219,4044,10399,5057,6306,2997,995,950,6,39,-,137,924,18120,8879,1334,1296,341,234,7598,3781,10517,5059,6442,3225,998,952,6,39,1,137,951,18114,8997,1352,1307,357,217,7579,3801,10481,5212,6443,3062,1029,975,7,41,6,128,919,16868,8368,1285,1245,231,132,6970,3462,9865,4890,6316,3173,993,934,6,48,5,126,907,16324,8162,1282,1246,168,89,6574,3278,5876,2913,1005,928,9,63,5,123,795,15651,7839,1247,1210,137,71,5965,2972,5714,2851,994,918,9,62,5,121,786,15078,7512,1233,1202,128,66,6116,3087,6075,3017,973,894,7,67,5
"전라북도","계",523,1432,23266,11197,1941,1914,214,118,9999,4761,13260,6419,19541,9485,1212,1171,41,526,1456,23296,11193,2021,1994,129,66,10293,5045,12950,6135,18242,8780,1254,1210,44,530,1526,25059,12087,2125,2090,149,82,11728,5696,13373,6412,14432,6911,1346,1229,27,77,13,532,1578,26389,12905,2255,2222,178,95,11555,5632,14962,7337,9326,4440,1387,1274,24,78,11,536,1622,25768,12624,2468,2437,151,80,10639,5184,15171,7448,9978,4791,1389,1292,13,74,10,531,1648,24297,11884,2421,2390,247,150,9950,4873,14342,6940,9963,4931,1286,1194,11,71,10,519,1636,22025,10776,2358,2331,174,95,9055,4437,12942,6294,9437,4588,1259,1166,9,74,10,507,1565,21188,10420,2437,2403,178,86,9065,4505,8309,4050,1211,1122,8,70,11,507,1407,20022,9849,2370,2334,207,104,8265,4055,7884,3832,1224,1132,7,76,9,501,1361,18740,9167,2298,2264,209,97,7773,3770,7882,3875,1213,1118,7,79,9
"전라북도","국립",-,-,-,-,-,-,-,-,-,-,-,-,-,-,-,-,-,-,-,-,-,-,-,-,-,-,-,-,-,-,-,-,-,-,-,-,-,-,-,-,-,-,-,-,-,-,-,-,-,-,-,-,-,-,-,-,-,-,-,-,-,-,-,-,-,-,-,-,-,-,-,-,-,-,-,-,-,-,-,-,-,-,-,-,-,-,-,-,-,-,-,0,0,0,0,0,0,0,0,0,0,0,0,0,0,0,0,0,0,0,0,0,0,0,0,0,0,0,0,0,0,0,0,0,0,0,0,0,0,-,-,-,-,-,-,-,-,-,-,-,-,-,-,-,-,-,-,-,-,-,-,-,-,-,-,-,-,-,-,-,-,-,-,-,-,-,-,-,-,-,-,-,-,-,-,-,-,-,-,-
"전라북도","공립",361,544,7063,3321,704,703,75,39,3606,1685,3417,1640,7127,3467,213,211,2,361,559,7410,3558,799,795,49,18,3832,1900,3542,1665,6798,3226,213,209,4,361,568,8128,3908,802,800,54,18,4228,2021,3903,1880,5938,2848,218,200,5,12,1,362,592,8622,4158,877,875,66,27,4275,2059,4327,2102,3689,1772,231,209,6,15,1,365,602,8407,4052,1102,1099,72,34,4012,1933,4421,2126,3976,1871,234,225,-,9,-,365,608,7887,3773,1129,1128,73,34,3732,1806,4270,2026,3916,1912,143,137,0,6,0,362,638,7634,3713,1232,1230,80,39,3657,1791,3945,1893,3621,1710,164,154,0,10,0,365,653,7655,3760,1318,1313,93,42,3862,1936,3312,1613,209,197,-,10,2,368,689,7595,3728,1328,1319,115,57,3830,1866,3269,1586,260,241,-,17,2,370,690,7247,3496,1332,1323,121,55,3639,1740,3332,1629,295,273,-,20,2
"전라북도","사립",162,888,16203,7876,1237,1211,139,79,6393,3076,9843,4779,12414,6018,999,960,39,165,897,15886,7635,1222,1199,80,48,6461,3145,9408,4470,11444,5554,1041,1001,40,169,958,16931,8179,1323,1290,95,64,7500,3675,9470,4532,8494,4063,1128,1029,22,65,12,170,986,17767,8747,1378,1347,112,68,7280,3573,10635,5235,5637,2668,1156,1065,18,63,10,171,1020,17361,8572,1366,1338,79,46,6627,3251,10750,5322,6002,2920,1155,1067,13,65,10,166,1040,16410,8111,1292,1262,174,116,6218,3067,10072,4914,6047,3019,1143,1057,11,65,10,157,998,14391,7063,1126,1101,94,56,5398,2646,8997,4401,5816,2878,1095,1012,9,64,10,142,912,13533,6660,1119,1090,85,44,5203,2569,4997,2437,1002,925,8,60,9,139,718,12427,6121,1042,1015,92,47,4435,2189,4615,2246,964,891,7,59,7,131,671,11493,5671,966,941,88,42,4134,2030,4550,2246,918,845,7,59,7
"전라남도","계",546,1190,18895,9075,1566,1542,171,101,8682,4141,10109,4863,16151,7897,806,790,16,551,1247,18951,9057,1713,1682,63,35,8863,4221,9972,4796,16940,8152,807,791,16,552,1347,19983,9670,1748,1725,107,54,9286,4572,10649,5124,12973,6210,865,793,14,53,5,553,1384,20801,10183,1868,1846,112,56,9536,4621,11316,5570,7875,3787,883,802,24,52,5,553,1411,20710,10281,1886,1864,122,61,9177,4652,11692,5737,8335,4024,979,895,19,60,5,551,1399,19670,9788,2093,2068,148,79,8384,4152,11255,5650,8550,4250,892,812,18,57,5,542,1404,18682,9313,2321,2297,124,63,8200,4078,10480,5230,8411,4108,871,801,8,58,4,530,1394,17889,8889,2379,2355,132,68,8106,4036,7432,3733,845,782,5,54,4,524,1267,17276,8557,2337,2309,123,64,7499,3718,7178,3586,815,754,5,52,4,516,1243,16285,7995,2293,2263,132,65,7143,3486,7217,3489,815,751,5,55,4
"전라남도","국립",-,-,-,-,-,-,-,-,-,-,-,-,-,-,-,-,-,-,-,-,-,-,-,-,-,-,-,-,-,-,-,-,-,-,-,-,-,-,-,-,-,-,-,-,-,-,-,-,-,-,-,-,-,-,-,-,-,-,-,-,-,-,-,-,-,-,-,-,-,-,-,-,-,-,-,-,-,-,-,-,-,-,-,-,-,-,-,-,-,-,-,0,0,0,0,0,0,0,0,0,0,0,0,0,0,0,0,0,0,0,0,0,0,0,0,0,0,0,0,0,0,0,0,0,0,0,0,0,0,-,-,-,-,-,-,-,-,-,-,-,-,-,-,-,-,-,-,-,-,-,-,-,-,-,-,-,-,-,-,-,-,-,-,-,-,-,-,-,-,-,-,-,-,-,-,-,-,-,-,-
"전라남도","공립",435,687,9040,4332,840,838,77,56,4499,2146,4447,2132,8576,4175,231,226,5,434,703,9400,4450,949,941,46,27,4777,2254,4616,2200,8807,4213,183,177,6,435,730,9869,4712,951,948,53,29,4976,2369,4874,2352,6748,3197,199,173,1,24,1,436,758,10477,5075,1043,1040,59,28,5197,2523,5336,2576,4205,2020,216,188,4,23,1,436,788,10675,5266,1077,1072,69,34,5203,2617,5546,2716,4776,2276,295,262,1,31,1,434,784,10277,5136,1303,1299,71,37,4628,2285,5639,2816,4799,2340,207,178,1,27,1,432,803,9943,5004,1615,1607,78,38,4675,2389,5225,2597,4771,2374,220,188,1,30,1,432,824,9602,4765,1678,1669,83,40,4752,2334,4382,2194,238,204,1,32,1,426,794,8952,4408,1637,1626,80,40,4324,2110,4206,2092,237,204,1,31,1,422,793,8338,4047,1626,1613,88,43,4052,1972,4088,1972,253,216,1,35,1
"전라남도","사립",111,503,9855,4743,726,704,94,45,4183,1995,5662,2731,7575,3722,575,564,11,117,544,9551,4607,764,741,17,8,4086,1967,5356,2596,8133,3939,624,614,10,117,617,10114,4958,797,777,54,25,4310,2203,5775,2772,6225,3013,666,620,13,29,4,117,626,10324,5108,825,806,53,28,4339,2098,5980,2994,3670,1767,667,614,20,29,4,117,623,10035,5015,809,792,53,27,3974,2035,6146,3021,3559,1748,684,633,18,29,4,117,615,9393,4652,790,769,77,42,3756,1867,5616,2834,3751,1910,685,634,17,30,4,110,601,8739,4309,706,690,46,25,3525,1689,5255,2633,3640,1734,651,613,7,28,3,98,570,8287,4124,701,686,49,28,3354,1702,3050,1539,607,578,4,22,3,98,473,8324,4149,700,683,43,24,3175,1608,2972,1494,578,550,4,21,3,94,450,7947,3948,667,650,44,22,3091,1514,3129,1517,562,535,4,20,3
"경상북도","계",703,1916,37230,17932,2706,2651,305,175,18347,8828,18922,9131,30198,14438,1427,1402,25,716,2057,37274,18055,2857,2788,101,57,18147,8849,19133,9239,32444,15579,1610,1575,35,711,2055,38663,18591,2953,2892,111,64,18763,8993,19833,9567,25797,12353,1755,1537,58,137,23,707,2116,40185,19469,3004,2941,129,75,18594,8979,21525,10482,15587,7432,1724,1513,56,132,23,710,2113,39836,19315,3064,2993,167,108,17655,8573,22183,10804,16158,7757,1799,1596,41,146,16,709,2211,38961,18898,3174,3098,192,120,17350,8394,21453,10443,16239,7835,1729,1560,26,129,14,707,2200,36723,17876,3160,3086,169,95,16741,8140,20303,10078,16102,7839,1704,1532,27,131,14,701,2136,35478,17440,3198,3120,194,111,15573,7658,14661,7072,1686,1521,27,124,14,696,1954,33375,16464,3140,3059,187,106,13568,6804,13917,6794,1612,1454,18,129,11,682,1913,31365,15451,3147,3068,179,102,13108,6275,14032,6890,1582,1424,18,129,11
"경상북도","국립",-,-,-,-,-,-,-,-,-,-,-,-,-,-,-,-,-,-,-,-,-,-,-,-,-,-,-,-,-,-,-,-,-,-,-,-,-,-,-,-,-,-,-,-,-,-,-,-,-,-,-,-,-,-,-,-,-,-,-,-,-,-,-,-,-,-,-,-,-,-,-,-,-,-,-,-,-,-,-,-,-,-,-,-,-,-,-,-,-,-,-,0,0,0,0,0,0,0,0,0,0,0,0,0,0,0,0,0,0,0,0,0,0,0,0,0,0,0,0,0,0,0,0,0,0,0,0,0,0,-,-,-,-,-,-,-,-,-,-,-,-,-,-,-,-,-,-,-,-,-,-,-,-,-,-,-,-,-,-,-,-,-,-,-,-,-,-,-,-,-,-,-,-,-,-,-,-,-,-,-
"경상북도","공립",467,681,10032,4742,845,843,54,42,5875,2787,4169,1965,9277,4397,85,84,1,466,685,10542,5030,870,862,19,7,6076,2905,4479,2140,9459,4442,182,181,1,463,690,10889,5138,885,882,32,21,6062,2840,4812,2310,8329,3918,164,139,1,24,-,461,699,11183,5397,885,882,43,24,6006,2891,5097,2484,5646,2646,121,103,1,17,-,462,712,10962,5368,922,919,43,27,5686,2787,5273,2595,5747,2731,157,132,6,19,-,465,743,10940,5297,1051,1045,49,28,5791,2817,5174,2515,5593,2752,120,111,0,9,0,470,785,11121,5414,1213,1207,53,27,6084,2929,5025,2435,5543,2672,123,113,0,10,0,473,791,10762,5276,1268,1259,59,34,5669,2763,5404,2625,138,127,-,11,-,473,771,9926,4878,1281,1271,60,37,4822,2367,5109,2470,146,131,-,15,-,464,763,8905,4351,1323,1313,61,39,4307,2065,4909,2380,147,130,-,17,-
"경상북도","사립",236,1235,27198,13190,1861,1808,251,133,12472,6041,14753,7166,20921,10041,1342,1318,24,250,1372,26732,13025,1987,1926,82,50,12071,5944,14654,7099,22985,11137,1428,1394,34,248,1365,27774,13453,2068,2010,79,43,12701,6153,15021,7257,17468,8435,1591,1398,57,113,23,246,1417,29002,14072,2119,2059,86,51,12588,6088,16428,7998,9941,4786,1603,1410,55,115,23,248,1401,28874,13947,2142,2074,124,81,11969,5786,16910,8209,10411,5026,1642,1464,35,127,16,244,1468,28021,13601,2123,2053,143,92,11559,5577,16279,7928,10646,5083,1609,1449,26,120,14,237,1415,25602,12462,1947,1879,116,68,10657,5211,15278,7643,10559,5167,1581,1419,27,121,14,228,1345,24716,12164,1930,1861,135,77,9904,4895,9257,4447,1548,1394,27,113,14,223,1183,23449,11586,1859,1788,127,69,8746,4437,8808,4324,1466,1323,18,114,11,218,1150,22460,11100,1824,1755,118,63,8801,4210,9123,4510,1435,1294,18,112,11
"경상남도","계",683,2289,50370,24540,3706,3663,345,193,23656,11481,26686,13051,39114,19176,1975,1916,59,682,2304,49011,23920,3745,3676,220,122,23366,11430,25632,12533,35047,17059,1919,1871,48,679,2401,50580,24702,3880,3828,203,131,24248,11854,26477,12936,33187,16178,2286,2008,53,216,9,686,2486,52486,25690,4049,3995,299,174,24407,11835,28080,13819,21211,10266,2437,2116,64,248,9,690,2508,51647,25383,3994,3943,499,316,22886,11393,28932,14267,21144,10257,2567,2257,48,254,8,691,2686,51276,25078,4032,3974,347,197,22904,11153,28570,13992,21433,10542,2391,2134,39,210,8,686,2710,49068,24121,4097,4044,336,193,22555,11136,26643,13075,20953,10209,2416,2155,36,218,7,686,2718,47191,23144,4080,4011,355,203,20336,9996,19074,9399,2376,2131,37,206,2,683,2457,45144,22247,4051,3987,351,187,19564,9624,18658,9016,2317,2072,35,206,4,683,2411,42385,20793,3981,3923,370,200,18745,9151,18647,9092,2301,2054,34,209,4
"경상남도","국립",-,-,-,-,-,-,-,-,-,-,-,-,-,-,-,-,-,-,-,-,-,-,-,-,-,-,-,-,-,-,-,-,-,-,-,-,-,-,-,-,-,-,-,-,-,-,-,-,-,-,-,-,-,-,-,-,-,-,-,-,-,-,-,-,-,-,-,-,-,-,-,-,-,-,-,-,-,-,-,-,-,-,-,-,-,-,-,-,-,-,-,0,0,0,0,0,0,0,0,0,0,0,0,0,0,0,0,0,0,0,0,0,0,0,0,0,0,0,0,0,0,0,0,0,0,0,0,0,0,-,-,-,-,-,-,-,-,-,-,-,-,-,-,-,-,-,-,-,-,-,-,-,-,-,-,-,-,-,-,-,-,-,-,-,-,-,-,-,-,-,-,-,-,-,-,-,-,-,-,-
"경상남도","공립",423,693,11487,5578,1181,1180,118,71,6706,3202,4768,2320,13678,6752,203,203,-,419,687,11461,5496,1195,1170,69,34,6874,3302,4587,2212,10944,5286,145,145,-,415,698,11646,5559,1180,1174,80,45,6870,3275,4823,2298,10403,4983,258,220,1,36,1,415,716,11892,5671,1241,1236,80,42,6844,3200,5143,2498,6614,3153,332,257,12,62,1,418,737,11694,5508,1177,1173,81,43,6529,3118,5031,2382,6630,3149,422,342,13,67,-,418,754,11589,5495,1229,1224,85,45,6508,3121,5164,2427,6591,3118,180,161,1,18,0,417,810,11979,5707,1441,1436,95,56,7268,3549,4818,2299,6374,3014,219,193,1,25,0,426,853,12066,5799,1536,1526,99,55,6794,3319,6289,3053,237,214,1,22,-,436,941,13042,6310,1682,1674,118,65,7294,3508,6397,3034,332,294,1,34,3,442,956,12532,5880,1746,1738,134,72,6861,3224,6604,3202,386,343,1,39,3
"경상남도","사립",260,1596,38883,18962,2525,2483,227,122,16950,8279,21918,10731,25436,12424,1772,1713,59,263,1617,37550,18424,2550,2506,151,88,16492,8128,21045,10321,24103,11773,1774,1726,48,264,1703,38934,19143,2700,2654,123,86,17378,8579,21654,10638,22784,11195,2028,1788,52,180,8,271,1770,40594,20019,2808,2759,219,132,17563,8635,22937,11321,14597,7113,2105,1859,52,186,8,272,1771,39953,19875,2817,2770,418,273,16357,8275,23901,11885,14514,7108,2145,1915,35,187,8,273,1932,39687,19583,2803,2750,262,152,16396,8032,23406,11565,14842,7424,2211,1973,38,192,8,269,1900,37089,18414,2656,2608,241,137,15287,7587,21825,10776,14579,7195,2197,1962,35,193,7,260,1865,35125,17345,2544,2485,256,148,13542,6677,12785,6346,2139,1917,36,184,2,247,1516,32102,15937,2369,2313,233,122,12270,6116,12261,5982,1985,1778,34,172,1,241,1455,29853,14913,2235,2185,236,128,11884,5927,12043,5890,1915,1711,33,170,1
"제주특별자치도","계",112,244,5295,2510,438,434,71,38,3508,1687,1785,852,5021,2413,213,213,-,114,251,5296,2540,478,471,26,14,3503,1687,1780,837,5272,2506,216,216,-,117,252,5547,2639,474,468,13,8,3691,1735,1858,884,3378,1625,236,216,2,18,-,118,259,5943,2898,514,507,19,12,3829,1887,2089,987,3348,1614,235,217,2,16,-,118,258,5893,2862,499,494,59,28,3883,1906,2031,966,3630,1757,233,220,-,13,-,119,266,6097,2990,525,517,30,18,4219,2038,1892,958,3806,1790,131,120,0,11,0,123,287,6181,3001,412,403,27,17,4613,2268,1574,744,4190,2037,131,120,0,11,0,123,302,6395,3187,427,421,18,12,4594,2278,3979,1902,130,120,-,10,-,123,299,6277,3048,433,423,19,13,4252,2046,4078,2014,131,121,-,10,-,119,287,5945,2927,416,406,17,12,4220,2116,3812,1846,108,97,-,11,-
"제주특별자치도","국립",-,-,-,-,-,-,-,-,-,-,-,-,-,-,-,-,-,-,-,-,-,-,-,-,-,-,-,-,-,-,-,-,-,-,-,-,-,-,-,-,-,-,-,-,-,-,-,-,-,-,-,-,-,-,-,-,-,-,-,-,-,-,-,-,-,-,-,-,-,-,-,-,-,-,-,-,-,-,-,-,-,-,-,-,-,-,-,-,-,-,-,0,0,0,0,0,0,0,0,0,0,0,0,0,0,0,0,0,0,0,0,0,0,0,0,0,0,0,0,0,0,0,0,0,0,0,0,0,0,-,-,-,-,-,-,-,-,-,-,-,-,-,-,-,-,-,-,-,-,-,-,-,-,-,-,-,-,-,-,-,-,-,-,-,-,-,-,-,-,-,-,-,-,-,-,-,-,-,-,-
"제주특별자치도","공립",90,125,2187,1030,231,230,-,-,1688,782,498,248,2098,1001,89,89,-,92,131,2279,1093,269,268,-,-,1771,849,512,244,2201,1037,92,92,-,95,137,2516,1166,270,269,-,-,1931,893,591,266,1778,858,97,92,2,3,-,96,144,2818,1339,295,294,-,-,2092,1014,700,298,1804,871,105,100,2,3,-,96,142,2811,1317,283,282,-,-,2158,1025,653,292,2134,1012,104,102,-,2,-,97,151,2998,1435,308,306,0,0,2518,1205,497,234,2314,1072,0,0,0,0,0,101,172,3183,1525,198,197,0,0,2879,1386,322,135,2682,1266,0,0,0,0,0,102,183,3357,1655,207,206,-,-,2960,1457,2672,1271,-,-,-,-,-,102,194,3596,1721,234,230,-,-,2998,1429,2761,1363,-,-,-,-,-,102,194,3578,1733,244,240,-,-,2978,1438,2840,1379,-,-,-,-,-
"제주특별자치도","사립",22,119,3108,1480,207,204,71,38,1820,905,1287,604,2923,1412,124,124,-,22,120,3017,1447,209,203,26,14,1732,838,1268,593,3071,1469,124,124,-,22,115,3031,1473,204,199,13,8,1760,842,1267,618,1600,767,139,124,-,15,-,22,115,3125,1559,219,213,19,12,1737,873,1389,689,1544,743,130,117,-,13,-,22,116,3082,1545,216,212,59,28,1725,881,1378,674,1496,745,129,118,-,11,-,22,115,3099,1555,217,211,30,18,1701,833,1395,724,1492,718,131,120,0,11,0,22,115,2998,1476,214,206,27,17,1734,882,1252,609,1508,771,131,120,0,11,0,21,119,3038,1532,220,215,18,12,1634,821,1307,631,130,120,-,10,-,21,105,2681,1327,199,193,19,13,1254,617,1317,651,131,121,-,10,-,17,93,2367,1194,172,166,17,12,1242,678,972,467,108,97,-,11,-
