"시도별(1)","설립주체별(1)",2013,2013,2013,2013,2013,2013,2013,2013,2013,2013,2013,2013,2013,2013,2013,2014,2014,2014,2014,2014,2014,2014,2014,2014,2014,2014,2014,2014,2014,2014,2015,2015,2015,2015,2015,2015,2015,2015,2015,2015,2015,2015,2015,2015,2015,2015,2015,2016,2016,2016,2016,2016,2016,2016,2016,2016,2016,2016,2016,2016,2016,2016,2016,2016,2017,2017,2017,2017,2017,2017,2017,2017,2017,2017,2017,2017,2017,2017,2017,2017,2017,2018,2018,2018,2018,2018,2018,2018,2018,2018,2018,2018,2018,2018,2018,2018,2018,2018,2019,2019,2019,2019,2019,2019,2019,2019,2019,2019,2019,2019,2019,2019,2019,2019,2019,2020,2020,2020,2020,2020,2020,2020,2020,2020,2020,2020,2020,2020,2020,2020,2020,2020,2021,2021,2021,2021,2021,2021,2021,2021,2021,2021,2021,2021,2021,2021,2021,2021,2021,2022,2022,2022,2022,2022,2022,2022,2022,2022,2022,2022,2022,2022,2022,2022,2022,2022
"시도별(1)","설립주체별(1)",학교수 (개),학급수 (개),학생수 (명),학생수 (명),교원수 (명),교원수 (명),직원수 (명),직원수 (명),입학자수 (명),입학자수 (명),졸업자수 (명),졸업자수 (명),교실수 (개),교실수 (개),교실수 (개),학교수 (개),학급수 (개),학생수 (명),학생수 (명),교원수 (명),교원수 (명),직원수 (명),직원수 (명),입학자수 (명),입학자수 (명),졸업자수 (명),졸업자수 (명),교실수 (개),교실수 (개),교실수 (개),학교수 (개),학급수 (개),학생수 (명),학생수 (명),교원수 (명),교원수 (명),직원수 (명),직원수 (명),입학자수 (명),입학자수 (명),졸업자수 (명),졸업자수 (명),교실수 (개),교실수 (개),교실수 (개),교실수 (개),교실수 (개),학교수 (개),학급수 (개),학생수 (명),학생수 (명),교원수 (명),교원수 (명),직원수 (명),직원수 (명),입학자수 (명),입학자수 (명),졸업자수 (명),졸업자수 (명),교실수 (개),교실수 (개),교실수 (개),교실수 (개),교실수 (개),학교수 (개),학급수 (개),학생수 (명),학생수 (명),교원수 (명),교원수 (명),직원수 (명),직원수 (명),입학자수 (명),입학자수 (명),졸업자수 (명),졸업자수 (명),교실수 (개),교실수 (개),교실수 (개),교실수 (개),교실수 (개),학교수 (개),학급수 (개),학생수 (명),학생수 (명),교원수 (명),교원수 (명),직원수 (명),직원수 (명),입학자수 (명),입학자수 (명),졸업자수 (명),졸업자수 (명),교실수 (개),교실수 (개),교실수 (개),교실수 (개),교실수 (개),학교수 (개),학급수 (개),학생수 (명),학생수 (명),교원수 (명),교원수 (명),직원수 (명),직원수 (명),입학자수 (명),입학자수 (명),졸업자수 (명),졸업자수 (명),교실수 (개),교실수 (개),교실수 (개),교실수 (개),교실수 (개),학교수 (개),학급수 (개),학생수 (명),학생수 (명),교원수 (명),교원수 (명),직원수 (명),직원수 (명),입학자수 (명),입학자수 (명),졸업자수 (명),졸업자수 (명),교실수 (개),교실수 (개),교실수 (개),교실수 (개),교실수 (개),학교수 (개),학급수 (개),학생수 (명),학생수 (명),교원수 (명),교원수 (명),직원수 (명),직원수 (명),입학자수 (명),입학자수 (명),졸업자수 (명),졸업자수 (명),교실수 (개),교실수 (개),교실수 (개),교실수 (개),교실수 (개),학교수 (개),학급수 (개),학생수 (명),학생수 (명),교원수 (명),교원수 (명),직원수 (명),직원수 (명),입학자수 (명),입학자수 (명),졸업자수 (명),졸업자수 (명),교실수 (개),교실수 (개),교실수 (개),교실수 (개),교실수 (개)
"시도별(1)","설립주체별(1)",소계,소계,소계,여자,소계,여자,소계,여자,소계,여자,소계,여자,소계,정규교실,가·대용교실,소계,소계,소계,여자,소계,여자,소계,여자,소계,여자,소계,여자,소계,정규교실,가·대용교실,소계,소계,소계,여자,소계,여자,소계,여자,소계,여자,소계,여자,소계,일반교실,교과교실,특별교실,수준별교실,소계,소계,소계,여자,소계,여자,소계,여자,소계,여자,소계,여자,소계,일반교실,교과교실,특별교실,수준별교실,소계,소계,소계,여자,소계,여자,소계,여자,소계,여자,소계,여자,소계,일반교실,교과교실,특별교실,수준별교실,소계,소계,소계,여자,소계,여자,소계,여자,소계,여자,소계,여자,소계,일반교실,교과교실,특별교실,수준별교실,소계,소계,소계,여자,소계,여자,소계,여자,소계,여자,소계,여자,소계,일반교실,교과교실,특별교실,수준별교실,소계,소계,소계,여자,소계,여자,소계,여자,소계,여자,소계,여자,소계,일반교실,교과교실,특별교실,수준별교실,소계,소계,소계,여자,소계,여자,소계,여자,소계,여자,소계,여자,소계,일반교실,교과교실,특별교실,수준별교실,소계,소계,소계,여자,소계,여자,소계,여자,소계,여자,소계,여자,소계,일반교실,교과교실,특별교실,수준별교실
"총계","계",5913,119896,2784000,1335941,181585,139023,25265,12946,436621,210958,602343,286987,126287,125653,634,5934,119894,2728509,1312526,182672,140176,25725,13351,479304,232728,530819,254038,127461,126835,626,5978,120063,2714610,1310066,182658,140516,25472,13549,455679,221076,464835,221583,164017,125849,7343,29211,1614,6001,119547,2672843,1292430,183452,141248,24992,13526,435220,211125,472641,226733,165571,126777,7294,29906,1594,6040,120152,2674227,1294670,184358,142064,24529,13673,459105,222335,454007,218434,167900,128688,7512,30183,1517,6064,121818,2711385,1315080,186684,144055,24225,13719,462818,225411,418522,201601,170474,131034,7786,30077,1577,6087,123761,2747219,1334340,188582,145412,23967,13930,473787,230900,432909,209165,173015,133432,7850,30203,1530,6120,123517,2693716,1309376,189286,145943,23941,14388,426646,208225,474778,230593,174372,134603,7966,30314,1489,6157,124047,2672340,1300128,191224,147483,23768,14587,428405,209000,450931,218928,175717,136116,8123,30087,1391,6163,126502,2664278,1298067,195037,150487,23802,14709,431509,210488,431813,209504,177172,138089,8148,29603,1332
"총계","국립",17,387,9798,4897,512,247,40,15,1509,759,1766,878,392,388,4,17,386,9580,4808,514,243,40,12,1498,752,1698,849,399,394,5,17,387,9347,4670,515,242,37,14,1475,720,1671,828,532,356,44,113,19,17,387,9170,4565,513,246,32,15,1483,738,1646,830,537,356,46,116,19,17,385,8978,4486,517,248,34,16,1472,751,1613,811,534,395,27,111,1,17,387,8862,4414,519,246,34,19,1431,716,1515,767,533,395,23,114,1,17,387,8783,4393,525,263,35,21,1429,718,1478,732,543,399,21,123,0,17,387,8697,4339,524,255,35,21,1409,700,1466,739,549,403,17,129,-,17,386,8557,4290,527,254,38,21,1355,674,1477,728,547,403,17,127,-,17,386,8369,4206,524,243,38,18,1309,646,1467,721,548,403,17,128,-
"총계","공립",5820,118082,2733287,1310908,179312,137788,24763,12761,428001,206651,593594,282666,124386,123762,624,5841,118086,2678752,1287863,180366,138935,25223,13177,470675,228467,522435,249946,125521,124905,616,5886,118267,2665762,1285831,180376,139278,24974,13368,447234,216972,456978,217723,160907,124057,7050,28341,1459,5909,117744,2624452,1268353,181164,139976,24519,13350,426792,206980,464806,222864,162432,125002,6965,29026,1439,5949,118354,2626405,1270916,182046,140781,24053,13492,450522,218081,446211,214557,164809,126865,7211,29329,1404,5973,120030,2664402,1291731,184402,142784,23764,13541,454697,221385,411014,197816,167355,129194,7494,29212,1455,5996,121978,2700467,1311081,186295,144114,23510,13747,465577,226859,425609,205467,169905,131582,7554,29361,1408,6029,121741,2647300,1286313,187006,144650,23503,14205,418437,204158,467524,226936,171235,132751,7678,29448,1358,6067,122269,2625459,1276833,188943,146193,23341,14406,420190,204888,443755,215352,172650,134300,7821,29233,1296,6073,124708,2616671,1274448,192722,149173,23371,14527,423361,206463,424846,206040,174109,136266,7854,28742,1247
"총계","사립",76,1427,40915,20136,1761,988,462,170,7111,3548,6983,3443,1509,1503,6,76,1422,40177,19855,1792,998,462,162,7131,3509,6686,3243,1541,1536,5,75,1409,39501,19565,1767,996,461,167,6970,3384,6186,3032,2578,1436,249,757,136,75,1416,39221,19512,1775,1026,441,161,6945,3407,6189,3039,2602,1419,283,764,136,74,1413,38844,19268,1795,1035,442,165,7111,3503,6183,3066,2557,1428,274,743,112,74,1401,38121,18935,1763,1025,427,159,6690,3310,5993,3018,2586,1445,269,751,121,74,1396,37969,18866,1762,1035,422,162,6781,3323,5822,2966,2567,1451,275,719,122,74,1389,37719,18724,1756,1038,403,162,6800,3367,5788,2918,2588,1449,271,737,131,73,1392,38324,19005,1754,1036,389,160,6860,3438,5699,2848,2520,1413,285,727,95,73,1408,39238,19413,1791,1071,393,164,6839,3379,5500,2743,2515,1420,277,733,85
"서울특별시","계",597,19149,469392,226687,29751,25466,3174,1674,74125,35914,102219,48878,20118,20085,33,599,18854,457517,221187,29613,25433,3240,1715,79656,38703,88172,42406,19790,19744,46,599,18780,450675,218247,29627,25577,3232,1732,75258,36517,78066,37626,24934,19176,1418,4045,295,601,18621,436121,211706,29448,25522,3176,1706,69944,34172,79123,38188,24989,19119,1492,4088,290,603,18625,428333,207869,29191,25321,3114,1733,72529,35323,75440,36538,25070,19180,1552,4059,279,603,18585,424800,206336,28992,25201,3025,1712,70686,34455,67742,32678,25042,19201,1553,4005,283,607,18690,422293,205477,28727,24983,3028,1773,72171,35221,69664,33622,25002,19220,1471,4023,288,607,18561,409536,199293,28608,24889,2962,1794,64898,31569,74375,36011,24968,19150,1475,4070,273,607,18396,399435,194753,28219,24559,2960,1836,63690,31126,70430,34075,24832,19041,1454,4087,250,609,18367,393565,191926,28335,24668,2989,1883,64013,31404,65432,31862,24919,19172,1451,4066,230
"서울특별시","국립",2,59,1359,671,77,39,6,3,196,98,257,127,59,59,-,2,59,1333,666,77,45,8,2,198,100,253,128,59,59,-,2,59,1330,656,78,54,6,2,201,98,250,125,72,61,1,10,-,2,59,1327,650,76,51,6,4,205,101,241,120,71,61,1,9,-,2,58,1282,635,80,47,6,4,198,102,236,117,71,61,1,9,-,2,59,1284,637,82,49,7,5,196,98,223,109,71,61,1,9,0,2,59,1248,628,84,53,5,4,198,99,230,111,77,61,2,14,0,2,59,1241,619,85,53,4,3,196,96,208,109,77,61,2,14,-,2,59,1232,612,86,49,4,3,195,97,222,114,77,61,2,14,-,2,59,1225,620,84,47,6,4,194,96,215,102,77,61,2,14,-
"서울특별시","공립",555,18262,444376,214328,28684,24837,2870,1557,69783,33744,98068,46820,19187,19159,28,557,17975,433086,209069,28525,24792,2932,1602,75423,36608,84102,40416,18837,18796,41,558,17911,426698,206307,28569,24942,2933,1618,71039,34431,74298,35762,23447,18306,1264,3648,229,560,17753,412404,199810,28380,24867,2886,1596,65782,32128,75411,36355,23485,18251,1318,3692,224,562,17760,405069,196219,28111,24665,2829,1621,68419,33288,71702,34668,23570,18310,1387,3658,215,562,17733,402366,195097,27942,24550,2748,1604,66789,32513,64125,30828,23531,18324,1384,3604,219,566,17845,400137,194325,27678,24326,2758,1664,68206,33266,66185,31831,23455,18323,1296,3613,223,566,17727,387628,188294,27562,24228,2710,1689,60891,29564,70999,34275,23421,18260,1299,3653,209,567,17561,377124,183587,27174,23901,2715,1731,59703,29135,67130,32389,23322,18175,1264,3679,204,569,17529,370770,180525,27279,24004,2740,1775,60071,29435,62232,30233,23414,18303,1276,3648,187
"서울특별시","사립",40,828,23657,11688,990,590,298,114,4146,2072,3894,1931,872,867,5,40,820,23098,11452,1011,596,300,111,4035,1995,3817,1862,894,889,5,39,810,22647,11284,980,581,293,112,4018,1988,3518,1739,1415,809,153,387,66,39,809,22390,11246,992,604,284,106,3957,1943,3471,1713,1433,807,173,387,66,39,807,21982,11015,1000,609,279,108,3912,1933,3502,1753,1429,809,164,392,64,39,793,21150,10602,968,602,270,103,3701,1844,3394,1741,1440,816,168,392,64,39,786,20908,10524,965,604,265,105,3767,1856,3249,1680,1470,836,173,396,65,39,775,20667,10380,961,608,248,102,3811,1909,3168,1627,1470,829,174,403,64,38,776,21079,10554,959,609,241,102,3792,1894,3078,1572,1433,805,188,394,46,38,779,21570,10781,972,617,243,104,3748,1873,2985,1527,1428,808,173,404,43
"부산광역시","계",302,7067,160821,77096,10558,8509,1251,749,24343,11743,36023,17004,7446,7313,133,305,7068,155754,74828,10540,8499,1270,757,26814,12950,31795,15139,7569,7451,118,306,7063,154283,74461,10414,8428,1286,785,25476,12399,27179,12960,10118,7210,507,2275,126,308,6873,151207,73178,10250,8287,1255,782,24306,11781,27693,13194,10026,7176,513,2221,116,308,6840,150863,73047,10173,8242,1255,796,26367,12824,26006,12624,9970,7178,506,2205,81,305,6856,152775,74238,10170,8278,1219,790,26685,13111,23686,11379,9867,7119,549,2111,88,304,6905,155589,75622,10152,8233,1190,805,27395,13313,24006,11602,9927,7180,553,2091,103,304,6914,153527,74717,10148,8200,1191,829,24759,12074,26330,12771,9981,7207,582,2080,112,304,6914,153921,74796,10171,8202,1195,852,25123,12170,25165,12260,10038,7262,604,2078,94,304,7105,154858,75306,10537,8481,1206,858,25535,12406,23782,11503,10121,7433,574,2037,77
"부산광역시","국립",1,25,720,360,33,16,2,-,112,56,128,64,25,25,-,1,25,703,352,33,18,2,1,112,56,128,64,25,25,-,1,25,688,344,33,16,1,-,112,56,128,65,38,-,25,13,-,1,25,672,336,33,18,2,1,112,56,128,64,38,-,25,13,-,1,25,672,334,33,17,1,-,112,56,112,56,38,21,4,13,-,1,25,672,336,33,16,0,0,112,56,112,54,36,21,4,11,0,1,25,656,328,33,17,2,1,96,48,111,55,43,24,0,19,0,1,25,640,320,33,18,2,2,96,48,112,57,43,24,-,19,-,1,25,624,312,33,22,4,2,96,48,112,56,43,24,-,19,-,1,25,609,305,33,22,1,-,96,48,112,56,43,24,-,19,-
"부산광역시","공립",295,6957,157728,75567,10419,8463,1212,737,23799,11471,35557,16770,7329,7196,133,298,6953,152704,73322,10404,8453,1235,748,26292,12700,31339,14917,7452,7334,118,299,6951,151309,72994,10278,8385,1250,776,24961,12161,26699,12726,9920,7123,471,2205,121,301,6760,148256,71739,10115,8238,1228,774,23763,11516,27200,12949,9816,7083,473,2149,111,301,6727,147925,71605,10035,8193,1220,788,25775,12528,25537,12384,9760,7064,487,2133,76,298,6744,149819,72789,10029,8229,1183,780,26142,12851,23249,11168,9659,7005,530,2041,83,297,6793,152617,74154,10013,8182,1156,795,26853,13047,23585,11394,9712,7063,538,2013,98,297,6803,150554,73239,10009,8144,1158,818,24208,11799,25897,12561,9766,7090,567,2002,107,297,6802,150888,73292,10029,8144,1161,841,24539,11889,24728,12046,9818,7145,588,1996,89,297,6990,151698,73746,10390,8420,1173,846,24958,12123,23361,11299,9901,7316,558,1955,72
"부산광역시","사립",6,85,2373,1169,106,30,37,12,432,216,338,170,92,92,-,6,90,2347,1154,103,28,33,8,410,194,328,158,92,92,-,6,87,2286,1123,103,27,35,9,403,182,352,169,160,87,11,57,5,6,88,2279,1103,102,31,25,7,431,209,365,181,172,93,15,59,5,6,88,2266,1108,105,32,34,8,480,240,357,184,172,93,15,59,5,6,87,2284,1113,108,33,36,10,431,204,325,157,172,93,15,59,5,6,87,2316,1140,106,34,32,9,446,218,310,153,172,93,15,59,5,6,86,2333,1158,106,38,31,9,455,227,321,153,172,93,15,59,5,6,87,2409,1192,109,36,30,9,488,233,325,158,177,93,16,63,5,6,90,2551,1255,114,39,32,12,481,235,309,148,177,93,16,63,5
"대구광역시","계",219,5970,136309,64435,9004,7342,955,654,20163,9674,30859,14457,6062,6053,9,220,5919,131765,62656,8971,7338,991,689,22385,10948,27048,12796,6044,6027,17,221,5821,129583,61973,8869,7271,942,682,20866,10014,23089,10696,7617,5929,294,1357,37,225,5555,125541,60227,8873,7283,907,669,19670,9501,23846,11312,7633,5737,341,1525,30,228,5507,124708,60017,8900,7287,866,657,21056,10164,21997,10459,7771,5721,372,1637,41,229,5473,125160,60552,9039,7406,821,652,21101,10313,20451,9695,7816,5677,398,1688,53,229,5458,126122,61134,9013,7369,771,630,21666,10538,20317,9734,7765,5669,422,1630,44,230,5443,122587,59543,8905,7274,768,637,19377,9564,22294,10875,7712,5676,396,1597,43,232,5415,121308,59091,8970,7309,737,609,19643,9643,20679,9942,7647,5640,433,1535,39,233,5479,121485,59284,8930,7263,740,616,19656,9607,19484,9426,7707,5787,418,1451,51
"대구광역시","국립",2,44,1142,571,58,31,4,2,168,84,221,109,44,44,-,2,44,1108,553,60,28,4,3,168,84,198,100,44,44,-,2,44,1077,537,59,27,3,2,170,84,199,100,61,43,4,14,-,2,44,1048,522,58,29,3,2,170,85,195,96,61,43,4,14,-,2,44,1014,506,58,27,3,1,172,84,200,100,61,43,4,14,-,2,44,1022,510,58,28,3,2,173,85,165,82,61,43,4,14,0,2,44,1019,506,58,29,3,1,168,84,167,87,61,43,4,14,0,2,44,1014,500,58,26,3,2,169,84,167,84,62,43,-,19,-,2,44,993,493,60,26,3,1,155,79,171,85,62,43,-,19,-,2,44,962,477,60,22,3,1,140,70,167,83,62,43,-,19,-
"대구광역시","공립",213,5854,132668,62664,8864,7274,932,648,19571,9388,30215,14141,5945,5936,9,214,5803,128174,60884,8829,7274,969,682,21793,10655,26410,12499,5927,5910,17,215,5705,126033,60233,8727,7210,922,676,20272,9735,22491,10398,7440,5814,283,1307,36,219,5439,122028,58523,8734,7222,887,663,19092,9223,23237,11010,7452,5622,330,1471,29,222,5391,121224,58348,8757,7224,846,652,20476,9883,21396,10161,7590,5606,361,1583,40,223,5357,121694,58883,8897,7345,805,646,20536,10043,19882,9420,7634,5562,387,1633,52,223,5342,122729,59512,8871,7305,755,625,21112,10277,19749,9450,7581,5554,411,1573,43,224,5327,119262,57966,8762,7211,752,631,18823,9292,21726,10593,7523,5561,396,1524,42,226,5299,118078,57544,8825,7246,721,604,19102,9367,20110,9672,7458,5525,433,1462,38,227,5363,118301,57755,8784,7202,724,611,19152,9362,18975,9185,7518,5672,418,1378,50
"대구광역시","사립",4,72,2499,1200,82,37,19,4,424,202,423,207,73,73,-,4,72,2483,1219,82,36,18,4,424,209,440,197,73,73,-,4,72,2473,1203,83,34,17,4,424,195,399,198,116,72,7,36,1,4,72,2465,1182,81,32,17,4,408,193,414,206,120,72,7,40,1,4,72,2470,1163,85,36,17,4,408,197,401,198,120,72,7,40,1,4,72,2444,1159,84,33,13,4,392,185,404,193,121,72,7,41,1,4,72,2374,1116,84,35,13,4,386,177,401,197,123,72,7,43,1,4,72,2311,1077,85,37,13,4,385,188,401,198,127,72,-,54,1,4,72,2237,1054,85,37,13,4,386,197,398,185,127,72,-,54,1,4,72,2222,1052,86,39,13,4,364,175,342,158,127,72,-,54,1
"인천광역시","계",240,6717,157918,76268,9748,7335,1085,749,25038,12011,33353,16052,7150,7128,22,242,6757,156740,75873,9890,7449,1092,747,28185,13720,29819,14381,7175,7150,25,243,6753,157099,76338,9874,7431,1061,715,26563,13039,26198,12605,8802,7148,181,1442,31,247,6772,155590,75629,9967,7490,1048,709,25952,12603,27208,13221,8991,7254,184,1523,30,249,6788,156470,76182,9983,7523,1039,735,27026,13120,25852,12537,9060,7322,220,1502,16,249,6981,158871,77308,10037,7565,1006,720,27361,13257,24127,11699,9148,7485,175,1473,15,250,6995,160853,78290,10026,7559,961,708,27541,13454,24914,11991,9260,7584,158,1505,13,253,6913,156928,76478,10071,7613,947,699,24835,12180,27801,13586,9367,7657,186,1508,16,258,6979,155271,75550,10081,7620,956,715,24765,12061,25989,12803,9526,7821,196,1494,15,260,7091,155906,75946,10399,7848,933,703,25279,12297,25225,12262,9612,7886,188,1528,10
"인천광역시","국립",1,25,666,336,32,16,5,3,112,56,110,55,25,25,-,1,25,649,327,32,15,5,2,96,48,109,56,25,25,-,1,25,637,320,32,16,4,2,96,48,105,54,32,25,-,7,-,1,25,621,311,32,16,4,2,96,48,107,56,33,25,-,8,-,1,25,599,301,32,18,4,2,96,48,112,56,33,25,-,8,-,1,25,589,294,32,14,4,4,96,48,104,54,35,25,0,10,0,1,25,575,288,32,13,4,2,96,48,109,54,35,25,0,10,0,1,25,570,288,32,12,4,1,95,48,92,46,35,25,-,10,-,1,25,579,290,33,11,3,-,99,50,94,47,35,25,-,10,-,1,25,571,286,33,10,3,1,96,48,97,48,35,25,-,10,-
"인천광역시","공립",234,6618,155346,74992,9625,7275,1064,737,24538,11767,33008,15881,7052,7030,22,236,6659,154198,74605,9764,7389,1074,738,27647,13442,29456,14196,7075,7050,25,237,6653,154532,75051,9745,7368,1043,706,26095,12802,25865,12438,8632,7048,175,1378,31,241,6671,153119,74381,9839,7432,1029,699,25508,12374,26805,13022,8820,7154,178,1458,30,243,6688,154087,74979,9847,7454,1021,724,26594,12903,25472,12353,8893,7220,211,1446,16,243,6882,156535,76135,9901,7499,988,707,26933,13043,23773,11511,8979,7383,166,1415,15,244,6896,158591,77163,9891,7496,943,697,27139,13260,24551,11812,9091,7482,149,1447,13,247,6815,154711,75395,9940,7553,931,690,24391,11979,27457,13400,9199,7555,177,1451,16,252,6880,152963,74432,9946,7559,941,707,24285,11817,25673,12650,9358,7719,187,1437,15,254,6991,153446,74760,10264,7785,917,693,24814,12073,24917,12106,9444,7784,179,1471,10
"인천광역시","사립",5,74,1906,940,91,44,16,9,388,188,235,116,73,73,-,5,73,1893,941,94,45,13,7,442,230,254,129,75,75,-,5,75,1930,967,97,47,14,7,372,189,228,113,138,75,6,57,-,5,76,1850,937,96,42,15,8,348,181,296,143,138,75,6,57,-,5,75,1784,902,104,51,14,9,336,169,268,128,134,77,9,48,-,5,74,1747,879,104,52,14,9,332,166,250,134,134,77,9,48,0,5,74,1687,839,103,50,14,9,306,146,254,125,134,77,9,48,0,5,73,1647,795,99,48,12,8,349,153,252,140,133,77,9,47,-,5,74,1729,828,102,50,12,8,381,194,222,106,133,77,9,47,-,5,75,1889,900,102,53,13,9,369,176,211,108,133,77,9,47,-
"광주광역시","계",149,4002,96055,46014,5960,4759,605,346,14536,6999,21736,10360,4263,4240,23,150,3989,93163,44548,6001,4819,612,348,15974,7633,19080,9234,4350,4334,16,153,4023,91862,44094,6013,4837,612,360,14807,7228,16428,7865,5184,4110,211,766,97,153,3985,89095,42905,6027,4848,586,353,14207,6888,16690,7917,5221,4186,182,756,97,154,3996,88189,42551,6025,4850,587,362,14893,7227,15481,7444,5225,4242,194,733,56,154,4050,88622,42780,6084,4889,594,371,14633,7087,13998,6742,5263,4311,197,704,51,155,4071,88990,42924,6068,4885,586,366,15195,7292,14440,6947,5334,4356,204,721,53,155,4044,86419,41850,6046,4857,580,384,13532,6598,15821,7551,5354,4298,198,819,39,155,4030,84998,41135,6022,4842,554,390,14196,6924,14469,7062,5395,4319,201,838,37,155,4015,83929,40670,6029,4847,556,391,13256,6388,14018,6774,5393,4348,186,819,40
"광주광역시","국립",1,25,583,292,33,7,1,1,96,48,98,48,25,25,-,1,25,582,292,33,7,2,1,96,48,97,48,25,25,-,1,25,582,289,33,8,2,1,97,48,98,49,36,9,-,9,18,1,25,587,294,33,11,-,-,100,50,99,50,36,9,-,9,18,1,25,588,296,33,15,2,1,99,50,98,48,36,27,-,9,-,1,25,581,288,34,19,2,1,100,50,98,51,35,27,0,8,0,1,25,593,297,34,24,2,1,95,47,89,42,35,27,0,8,0,1,25,576,286,34,25,2,2,96,49,98,50,35,27,-,8,-,1,25,577,285,32,19,3,3,97,48,94,45,35,27,-,8,-,1,25,581,290,33,19,2,2,93,45,97,47,35,27,-,8,-
"광주광역시","공립",145,3923,93758,44899,5865,4718,590,339,14147,6800,21349,10171,4184,4161,23,146,3910,90862,43399,5902,4776,595,341,15584,7438,18709,9041,4271,4255,16,149,3944,89562,42954,5914,4793,596,353,14416,7038,16047,7676,5004,4044,186,734,40,149,3906,86798,41755,5929,4803,571,346,13813,6691,16315,7738,5041,4120,157,724,40,150,3917,85874,41383,5926,4800,570,354,14500,7039,15117,7264,5076,4161,170,707,38,150,3971,86301,41606,5985,4832,578,365,14251,6896,13638,6568,5115,4230,173,679,33,151,3992,86687,41776,5969,4821,570,359,14824,7107,14062,6739,5186,4275,180,696,35,151,3965,84148,40727,5948,4796,564,376,13160,6410,15444,7351,5206,4217,174,794,21,151,3951,82740,40021,5928,4788,537,381,13823,6738,14093,6878,5247,4238,177,813,19,151,3936,81690,39556,5932,4790,540,383,12895,6209,13656,6597,5245,4267,162,794,22
"광주광역시","사립",3,54,1714,823,62,34,14,6,293,151,289,141,54,54,-,3,54,1719,857,66,36,15,6,294,147,274,145,54,54,-,3,54,1718,851,66,36,14,6,294,142,283,140,144,57,25,23,39,3,54,1710,856,65,34,15,7,294,147,276,129,144,57,25,23,39,3,54,1727,872,66,35,15,7,294,138,266,132,113,54,24,17,18,3,54,1740,886,65,38,14,5,282,141,262,123,113,54,24,17,18,3,54,1710,851,65,40,14,6,276,138,289,166,113,54,24,17,18,3,54,1695,837,64,36,14,6,276,139,279,150,113,54,24,17,18,3,54,1681,829,62,35,14,6,276,138,282,139,113,54,24,17,18,3,54,1658,824,64,38,14,6,268,134,265,130,113,54,24,17,18
"대전광역시","계",143,3988,93398,44787,5968,5127,559,332,14743,7092,19923,9609,4122,4112,10,143,3962,91599,44168,5976,5173,570,333,16028,7853,17620,8359,4123,4117,6,146,3997,89464,43287,6006,5256,570,345,14866,7196,15556,7402,5196,4079,166,898,53,146,3956,85939,41579,6005,5270,564,344,13683,6625,15524,7503,5191,4067,173,890,61,147,3891,84240,40835,6010,5279,557,335,14184,6869,14858,7165,5146,4073,132,869,72,148,3897,83453,40461,6030,5320,536,333,14062,6805,13330,6379,5165,4082,153,873,57,148,3888,82743,40175,6007,5292,532,346,13967,6784,13503,6490,5135,4030,153,894,58,148,3839,79807,38764,6035,5321,509,336,12584,6180,14602,7102,5084,4014,160,853,57,148,3819,77884,37814,6034,5321,491,323,12344,5947,13578,6588,4996,4001,160,790,45,149,3846,76960,37319,6037,5322,491,332,12458,6032,12708,6166,5020,4045,159,787,29
"대전광역시","국립",-,-,-,-,-,-,-,-,-,-,-,-,-,-,-,-,-,-,-,-,-,-,-,-,-,-,-,-,-,-,-,-,-,-,-,-,-,-,-,-,-,-,-,-,-,-,-,-,-,-,-,-,-,-,-,-,-,-,-,-,-,-,-,-,-,-,-,-,-,-,-,-,-,-,-,-,-,-,-,-,-,0,0,0,0,0,0,0,0,0,0,0,0,0,0,0,0,0,0,0,0,0,0,0,0,0,0,0,0,0,0,0,0,0,0,-,-,-,-,-,-,-,-,-,-,-,-,-,-,-,-,-,-,-,-,-,-,-,-,-,-,-,-,-,-,-,-,-,-,-,-,-,-,-,-,-,-,-,-,-,-,-,-,-,-,-
"대전광역시","공립",141,3946,92043,44081,5908,5093,550,328,14507,6968,19702,9499,4080,4070,10,141,3920,90242,43457,5910,5136,559,327,15792,7735,17420,8256,4081,4075,6,144,3955,88134,42611,5944,5216,558,339,14630,7085,15363,7292,5117,4037,161,866,53,144,3914,84619,40905,5948,5233,553,338,13447,6513,15319,7396,5110,4025,160,864,61,145,3849,82919,40159,5953,5243,546,329,13948,6751,14656,7069,5087,4031,127,857,72,146,3855,82145,39791,5974,5284,525,327,13834,6691,13124,6268,5106,4040,148,861,57,146,3846,81452,39518,5951,5257,521,339,13739,6670,13314,6385,5096,4006,148,884,58,146,3797,78521,38118,5978,5287,498,329,12356,6068,14415,7000,5045,3990,155,843,57,146,3777,76633,37177,5978,5289,480,316,12122,5836,13362,6484,4959,3977,155,782,45,147,3804,75725,36687,5978,5285,480,324,12250,5928,12518,6068,4983,4021,154,779,29
"대전광역시","사립",2,42,1355,706,60,34,9,4,236,124,221,110,42,42,-,2,42,1357,711,66,37,11,6,236,118,200,103,42,42,-,2,42,1330,676,62,40,12,6,236,111,193,110,79,42,5,32,-,2,42,1320,674,57,37,11,6,236,112,205,107,81,42,13,26,-,2,42,1321,676,57,36,11,6,236,118,202,96,59,42,5,12,-,2,42,1308,670,56,36,11,6,228,114,206,111,59,42,5,12,0,2,42,1291,657,56,35,11,7,228,114,189,105,39,24,5,10,0,2,42,1286,646,57,34,11,7,228,112,187,102,39,24,5,10,-,2,42,1251,637,56,32,11,7,222,111,216,104,37,24,5,8,-,2,42,1235,632,59,37,11,8,208,104,190,98,37,24,5,8,-
"울산광역시","계",118,2813,67156,31581,4362,3342,511,346,10559,5029,15037,7088,2947,2920,27,119,2884,65810,31194,4346,3351,534,355,11860,5775,13163,6131,3083,3083,-,119,2887,66134,31377,4260,3288,507,345,11384,5456,11023,5201,3894,3031,129,717,17,117,2880,65629,31335,4235,3275,502,353,11023,5280,11347,5282,3959,3050,139,749,21,118,2923,66016,31607,4240,3302,485,345,11506,5520,10862,5105,3985,3081,150,735,19,117,2926,67290,32253,4229,3301,485,354,11573,5529,10030,4734,4006,3098,170,710,28,119,2983,68512,32973,4322,3379,480,359,12080,5870,10430,4987,4137,3222,190,702,23,120,2946,67397,32497,4301,3353,476,348,10842,5323,11643,5651,4078,3191,165,698,24,121,2960,66919,32260,4380,3407,461,338,10957,5324,11039,5322,4144,3253,185,676,30,121,3105,66450,32133,4537,3522,448,326,10827,5245,10646,5073,4226,3366,183,651,26
"울산광역시","국립",-,-,-,-,-,-,-,-,-,-,-,-,-,-,-,-,-,-,-,-,-,-,-,-,-,-,-,-,-,-,-,-,-,-,-,-,-,-,-,-,-,-,-,-,-,-,-,-,-,-,-,-,-,-,-,-,-,-,-,-,-,-,-,-,-,-,-,-,-,-,-,-,-,-,-,-,-,-,-,-,-,0,0,0,0,0,0,0,0,0,0,0,0,0,0,0,0,0,0,0,0,0,0,0,0,0,0,0,0,0,0,0,0,0,0,-,-,-,-,-,-,-,-,-,-,-,-,-,-,-,-,-,-,-,-,-,-,-,-,-,-,-,-,-,-,-,-,-,-,-,-,-,-,-,-,-,-,-,-,-,-,-,-,-,-,-
"울산광역시","공립",118,2813,67156,31581,4362,3342,511,346,10559,5029,15037,7088,2947,2920,27,119,2884,65810,31194,4346,3351,534,355,11860,5775,13163,6131,3083,3083,-,119,2887,66134,31377,4260,3288,507,345,11384,5456,11023,5201,3894,3031,129,717,17,117,2880,65629,31335,4235,3275,502,353,11023,5280,11347,5282,3959,3050,139,749,21,118,2923,66016,31607,4240,3302,485,345,11506,5520,10862,5105,3985,3081,150,735,19,117,2926,67290,32253,4229,3301,485,354,11573,5529,10030,4734,4006,3098,170,710,28,119,2983,68512,32973,4322,3379,480,359,12080,5870,10430,4987,4137,3222,190,702,23,120,2946,67397,32497,4301,3353,476,348,10842,5323,11643,5651,4078,3191,165,698,24,121,2960,66919,32260,4380,3407,461,338,10957,5324,11039,5322,4144,3253,185,676,30,121,3105,66450,32133,4537,3522,448,326,10827,5245,10646,5073,4226,3366,183,651,26
"울산광역시","사립",-,-,-,-,-,-,-,-,-,-,-,-,-,-,-,-,-,-,-,-,-,-,-,-,-,-,-,-,-,-,-,-,-,-,-,-,-,-,-,-,-,-,-,-,-,-,-,-,-,-,-,-,-,-,-,-,-,-,-,-,-,-,-,-,-,-,-,-,-,-,-,-,-,-,-,-,-,-,-,-,-,0,0,0,0,0,0,0,0,0,0,0,0,0,0,0,0,0,0,0,0,0,0,0,0,0,0,0,0,0,0,0,0,0,0,-,-,-,-,-,-,-,-,-,-,-,-,-,-,-,-,-,-,-,-,-,-,-,-,-,-,-,-,-,-,-,-,-,-,-,-,-,-,-,-,-,-,-,-,-,-,-,-,-,-,-
"세종특별자치시","계",22,335,7090,3489,524,381,90,44,1137,541,1222,557,373,372,1,26,402,8057,3954,663,487,108,54,1495,760,1301,652,460,460,-,35,672,13353,6564,1034,778,134,73,2541,1274,1470,733,1200,929,64,194,13,37,828,17910,8899,1279,970,152,91,3238,1589,2460,1191,1323,1015,70,227,11,43,994,20764,10281,1536,1182,174,108,3846,1883,2870,1448,1710,1305,141,254,10,47,1179,24865,12252,1793,1376,193,122,4454,2129,3123,1568,1964,1533,122,298,11,48,1328,27892,13758,1956,1516,186,126,4965,2421,3901,1925,2009,1573,105,319,12,49,1412,29487,14438,2142,1664,197,130,4877,2382,4486,2280,2053,1612,109,322,10,51,1472,30726,14941,2268,1777,208,140,5091,2445,4871,2464,2177,1702,134,330,11,52,1587,32230,15693,2425,1922,207,129,5525,2721,4865,2393,2239,1735,141,352,11
"세종특별자치시","국립",-,-,-,-,-,-,-,-,-,-,-,-,-,-,-,-,-,-,-,-,-,-,-,-,-,-,-,-,-,-,-,-,-,-,-,-,-,-,-,-,-,-,-,-,-,-,-,-,-,-,-,-,-,-,-,-,-,-,-,-,-,-,-,-,-,-,-,-,-,-,-,-,-,-,-,-,-,-,-,-,-,0,0,0,0,0,0,0,0,0,0,0,0,0,0,0,0,0,0,0,0,0,0,0,0,0,0,0,0,0,0,0,0,0,0,-,-,-,-,-,-,-,-,-,-,-,-,-,-,-,-,-,-,-,-,-,-,-,-,-,-,-,-,-,-,-,-,-,-,-,-,-,-,-,-,-,-,-,-,-,-,-,-,-,-,-
"세종특별자치시","공립",22,335,7090,3489,524,381,90,44,1137,541,1222,557,373,372,1,26,402,8057,3954,663,487,108,54,1495,760,1301,652,460,460,-,35,672,13353,6564,1034,778,134,73,2541,1274,1470,733,1200,929,64,194,13,37,828,17910,8899,1279,970,152,91,3238,1589,2460,1191,1323,1015,70,227,11,43,994,20764,10281,1536,1182,174,108,3846,1883,2870,1448,1710,1305,141,254,10,47,1179,24865,12252,1793,1376,193,122,4454,2129,3123,1568,1964,1533,122,298,11,48,1328,27892,13758,1956,1516,186,126,4965,2421,3901,1925,2009,1573,105,319,12,49,1412,29487,14438,2142,1664,197,130,4877,2382,4486,2280,2053,1612,109,322,10,51,1472,30726,14941,2268,1777,208,140,5091,2445,4871,2464,2177,1702,134,330,11,52,1587,32230,15693,2425,1922,207,129,5525,2721,4865,2393,2239,1735,141,352,11
"세종특별자치시","사립",-,-,-,-,-,-,-,-,-,-,-,-,-,-,-,-,-,-,-,-,-,-,-,-,-,-,-,-,-,-,-,-,-,-,-,-,-,-,-,-,-,-,-,-,-,-,-,-,-,-,-,-,-,-,-,-,-,-,-,-,-,-,-,-,-,-,-,-,-,-,-,-,-,-,-,-,-,-,-,-,-,0,0,0,0,0,0,0,0,0,0,0,0,0,0,0,0,0,0,0,0,0,0,0,0,0,0,0,0,0,0,0,0,0,0,-,-,-,-,-,-,-,-,-,-,-,-,-,-,-,-,-,-,-,-,-,-,-,-,-,-,-,-,-,-,-,-,-,-,-,-,-,-,-,-,-,-,-,-,-,-,-,-,-,-,-
"경기도","계",1187,28580,739619,356908,41962,33309,4796,2556,119601,58167,154533,74143,29912,29841,71,1195,29070,732307,354327,42753,34013,4910,2713,130790,63809,136743,65678,30837,30715,122,1213,28975,733359,355752,42569,33976,4922,2775,124701,60660,121456,58323,38500,30841,1656,5645,358,1227,29084,727380,353231,43308,34557,4727,2747,119865,58207,124961,60308,39325,31437,1582,5962,344,1241,29365,733941,356669,44080,35143,4673,2772,126797,61530,121782,59088,40222,32018,1626,6202,376,1261,30119,752499,366319,45201,35974,4705,2793,130161,63562,112708,54720,41341,32973,1722,6223,423,1277,31148,769744,375040,46568,37033,4664,2863,133889,65351,119398,58171,42747,34130,1818,6383,416,1298,31292,761731,371190,46820,37329,4760,3107,121552,59425,131501,64310,43815,34913,1909,6576,417,1317,31670,763912,372671,48013,38392,4742,3155,124483,60928,126775,61801,44874,35806,1935,6741,392,1320,32768,767346,374988,49357,39502,4759,3197,126368,61774,122362,59614,45456,36503,1938,6630,385
"경기도","국립",-,-,-,-,-,-,-,-,-,-,-,-,-,-,-,-,-,-,-,-,-,-,-,-,-,-,-,-,-,-,-,-,-,-,-,-,-,-,-,-,-,-,-,-,-,-,-,-,-,-,-,-,-,-,-,-,-,-,-,-,-,-,-,-,-,-,-,-,-,-,-,-,-,-,-,-,-,-,-,-,-,0,0,0,0,0,0,0,0,0,0,0,0,0,0,0,0,0,0,0,0,0,0,0,0,0,0,0,0,0,0,0,0,0,0,-,-,-,-,-,-,-,-,-,-,-,-,-,-,-,-,-,-,-,-,-,-,-,-,-,-,-,-,-,-,-,-,-,-,-,-,-,-,-,-,-,-,-,-,-,-,-,-,-,-,-
"경기도","공립",1184,28513,737783,356029,41870,33251,4775,2549,119284,58008,154224,73981,29835,29764,71,1192,29003,730482,353428,42660,33955,4884,2705,130473,63651,136436,65546,30770,30648,122,1210,28907,731575,354863,42470,33912,4895,2766,124383,60509,121173,58184,38384,30773,1654,5607,350,1224,29015,725597,352336,43207,34490,4701,2739,119547,58047,124683,60171,39209,31370,1580,5923,336,1238,29297,732145,355771,43984,35082,4649,2764,126482,61362,121502,58943,40108,31951,1624,6165,368,1258,30052,750721,365428,45111,35916,4681,2785,129845,63409,112428,54585,41218,32898,1720,6187,413,1274,31081,767943,374127,46476,36972,4639,2856,133575,65194,119121,58035,42624,34055,1816,6347,406,1295,31223,759915,370279,46726,37268,4733,3097,121238,59269,131240,64184,43682,34837,1907,6541,397,1314,31602,762081,371771,47921,38332,4718,3146,124166,60769,126512,61664,44777,35738,1935,6714,390,1317,32700,765495,374071,49269,39444,4736,3189,126053,61617,122081,59477,45359,36435,1938,6603,383
"경기도","사립",3,67,1836,879,92,58,21,7,317,159,309,162,77,77,-,3,67,1825,899,93,58,26,8,317,158,307,132,67,67,-,3,68,1784,889,99,64,27,9,318,151,283,139,116,68,2,38,8,3,69,1783,895,101,67,26,8,318,160,278,137,116,67,2,39,8,3,68,1796,898,96,61,24,8,315,168,280,145,114,67,2,37,8,3,67,1778,891,90,58,24,8,316,153,280,135,123,75,2,36,10,3,67,1801,913,92,61,25,7,314,157,277,136,123,75,2,36,10,3,69,1816,911,94,61,27,10,314,156,261,126,133,76,2,35,20,3,68,1831,900,92,60,24,9,317,159,263,137,97,68,-,27,2,3,68,1851,917,88,58,23,8,315,157,281,137,97,68,-,27,2
"강원특별자치도","계",351,4361,83187,39696,6754,4463,1400,461,12418,5953,18151,8537,4552,4529,23,351,4321,80458,38520,6702,4430,1461,492,13697,6517,16190,7695,4599,4577,22,351,4342,78414,37683,6699,4434,1499,512,12484,6043,14330,6828,5987,4592,241,1081,73,351,4277,76772,36986,6558,4361,1466,530,12270,5977,13863,6689,5975,4564,245,1091,75,351,4280,75722,36563,6541,4360,1431,531,12744,6191,13454,6422,5955,4552,237,1103,63,351,4271,75412,36443,6558,4385,1410,542,12543,6042,12454,5961,6003,4565,255,1122,61,349,4292,75617,36697,6648,4434,1344,530,12620,6242,12241,5877,6005,4575,252,1114,64,347,4246,73478,35755,6638,4422,1351,582,11212,5468,13464,6416,6063,4654,246,1100,63,348,4256,72373,35174,6725,4483,1302,576,11039,5384,12456,6059,6051,4669,238,1091,53,349,4257,71530,34841,6767,4521,1292,586,11236,5541,12151,5904,6052,4701,235,1062,54
"강원특별자치도","국립",1,19,475,236,26,15,2,1,74,37,86,43,19,19,-,1,19,458,231,26,13,2,-,74,37,85,42,19,19,-,1,19,444,225,26,11,2,1,74,36,85,42,29,19,9,1,-,1,19,443,220,26,11,2,1,75,36,75,39,29,19,9,1,-,1,19,437,219,26,10,2,1,74,37,71,35,29,19,9,1,-,1,19,436,210,26,10,2,0,72,34,73,38,29,19,9,1,0,1,19,433,216,26,11,2,0,74,36,70,36,29,19,9,1,0,1,19,437,215,26,10,4,1,74,36,65,34,29,19,9,1,-,1,19,422,209,26,13,4,1,61,31,69,33,29,19,9,1,-,1,19,405,202,26,13,4,1,62,31,73,35,29,19,9,1,-
"강원특별자치도","공립",347,4306,81859,39047,6688,4420,1389,458,12140,5820,17952,8439,4481,4458,23,347,4266,79088,37862,6633,4387,1450,490,13421,6383,16001,7595,4527,4505,22,347,4287,77078,37039,6629,4389,1487,508,12229,5918,14129,6735,5874,4536,226,1055,57,347,4222,75400,36321,6488,4317,1454,526,11991,5840,13676,6599,5862,4508,230,1065,59,347,4224,74316,35880,6469,4317,1418,527,12380,6002,13285,6337,5842,4496,222,1077,47,347,4215,73991,35744,6488,4346,1398,540,12292,5916,12268,5870,5891,4510,240,1096,45,345,4236,74216,36000,6577,4392,1331,528,12376,6132,12017,5777,5889,4519,233,1089,48,343,4190,72068,35035,6569,4380,1336,579,10962,5345,13278,6330,5947,4598,227,1075,47,344,4200,70956,34451,6655,4438,1287,573,10793,5260,12248,5950,5937,4613,219,1068,37,345,4200,70086,34130,6695,4474,1277,583,10981,5410,11935,5794,5937,4644,216,1039,38
"강원특별자치도","사립",3,36,853,413,40,28,9,2,204,96,113,55,52,52,-,3,36,912,427,43,30,9,2,202,97,104,58,53,53,-,3,36,892,419,44,34,10,3,181,89,116,51,84,37,6,25,16,3,36,929,445,44,33,10,3,204,101,112,51,84,37,6,25,16,3,37,969,464,46,33,11,3,290,152,98,50,84,37,6,25,16,3,37,985,489,44,29,10,2,179,92,113,53,83,36,6,25,16,3,37,968,481,45,31,11,2,170,74,154,64,87,37,10,24,16,3,37,973,505,43,32,11,2,176,87,121,52,87,37,10,24,16,3,37,995,514,44,32,11,2,185,93,139,76,85,37,10,22,16,3,38,1039,509,46,34,11,2,193,100,143,75,86,38,10,22,16
"충청북도","계",259,4170,88860,42680,6360,4601,1111,514,13692,6706,19164,9116,4394,4352,42,259,4166,86508,41556,6482,4677,1136,553,15182,7308,17237,8271,4556,4519,37,260,4240,85290,41049,6550,4681,1135,572,14178,6846,14943,7106,5777,4520,263,976,18,260,4260,84052,40456,6586,4687,1095,566,13756,6650,14688,7013,5739,4517,236,974,12,259,4257,84240,40656,6590,4667,1076,581,14535,7007,14361,6815,5774,4580,212,975,7,258,4281,85344,41335,6646,4708,1078,567,14527,7117,13238,6375,5908,4706,220,974,8,259,4299,86709,42064,6675,4702,1111,593,14783,7284,13467,6569,6097,4811,254,1024,8,258,4297,85135,41404,6727,4751,1103,591,13428,6552,14950,7186,6170,4887,257,1014,12,259,4316,84263,41232,6793,4809,1156,634,13222,6545,14113,6804,6218,4944,282,980,12,256,4376,83827,41167,6836,4836,1147,629,13405,6564,13762,6646,6233,4982,274,964,13
"충청북도","국립",2,45,1073,542,59,28,3,1,163,78,213,109,46,46,-,2,45,1056,529,59,21,4,1,175,86,186,92,53,52,1,2,45,1014,507,59,24,4,2,161,76,180,90,67,54,-,12,1,2,45,981,490,59,24,4,2,171,83,185,94,67,54,-,12,1,2,45,974,491,59,27,3,3,167,90,173,91,67,54,-,12,1,2,45,951,467,59,27,5,2,144,71,142,80,67,54,0,12,1,2,45,974,476,59,26,5,3,164,79,149,70,67,55,0,12,0,2,45,955,471,59,21,5,3,146,77,171,82,72,59,-,13,-,2,44,934,465,59,23,5,4,144,65,158,75,71,59,-,12,-,2,44,881,437,59,21,6,4,131,61,168,80,71,59,-,12,-
"충청북도","공립",256,4113,87426,41959,6287,4567,1105,513,13457,6591,18902,8982,4337,4295,42,256,4109,85090,40851,6410,4649,1129,552,14935,7188,16995,8157,4492,4456,36,257,4183,83902,40355,6478,4651,1128,570,13945,6737,14726,7002,5687,4454,259,958,16,257,4203,82699,39787,6513,4655,1088,564,13517,6534,14446,6886,5649,4451,232,956,10,256,4199,82860,39967,6515,4631,1070,578,14272,6872,14133,6700,5671,4513,202,950,6,255,4222,83970,40663,6568,4670,1070,565,14287,6999,13044,6267,5805,4638,212,948,7,256,4239,85280,41370,6598,4667,1103,590,14523,7156,13262,6469,5994,4741,246,999,8,255,4236,83676,40677,6649,4720,1095,588,13186,6422,14728,7081,6063,4812,250,989,12,256,4255,82816,40509,6712,4772,1148,630,12982,6437,13892,6697,6113,4869,275,957,12,253,4314,82407,40462,6753,4799,1138,625,13178,6463,13548,6545,6128,4907,267,941,13
"충청북도","사립",1,12,361,179,14,6,3,-,72,37,49,25,11,11,-,1,12,362,176,13,7,3,-,72,34,56,22,11,11,-,1,12,374,187,13,6,3,-,72,33,37,14,23,12,4,6,1,1,12,372,179,14,8,3,-,68,33,57,33,23,12,4,6,1,1,13,406,198,16,9,3,-,96,45,55,24,36,13,10,13,-,1,14,423,205,19,11,3,0,96,47,52,28,36,14,8,14,0,1,15,455,218,18,9,3,0,96,49,56,30,36,15,8,13,0,1,16,504,256,19,10,3,-,96,53,51,23,35,16,7,12,-,1,17,513,258,22,14,3,-,96,43,63,32,34,16,7,11,-,1,18,539,268,24,16,3,-,96,40,46,21,34,16,7,11,-
"충청남도","계",406,5531,116216,55904,8573,5865,1577,791,18687,8979,24502,11750,5839,5795,44,405,5577,115056,55257,8717,5928,1606,816,20614,9925,22058,10728,5903,5859,44,405,5580,115484,55653,8682,5860,1535,820,19725,9573,19181,9080,7957,5753,463,1640,101,405,5656,115309,55700,8829,5896,1533,832,19056,9222,19403,9326,8078,5955,392,1648,83,407,5767,116963,56463,8914,5945,1428,872,20489,9853,19128,9210,8345,6205,363,1697,80,409,5925,120152,57939,9203,6140,1379,861,20680,9950,18028,8744,8565,6361,404,1714,86,409,6007,122424,59199,9250,6174,1372,865,21069,10337,18920,9053,8720,6507,379,1759,75,410,5961,120115,58242,9264,6163,1376,880,18966,9251,20791,9970,8678,6466,386,1748,78,412,6029,118771,57608,9373,6236,1352,875,18716,9182,19957,9691,8727,6522,382,1749,74,411,6242,118228,57457,9675,6474,1345,859,18958,9244,19320,9323,8861,6694,405,1695,67
"충청남도","국립",1,25,604,302,32,17,5,2,96,48,109,54,25,25,-,1,25,588,295,32,19,3,1,96,48,109,55,25,25,-,1,25,558,279,32,15,3,-,96,48,112,54,36,25,-,11,-,1,25,568,281,32,15,2,-,96,48,89,44,36,25,-,11,-,1,25,574,287,32,17,1,-,96,55,87,47,36,25,-,11,-,1,25,549,278,32,16,2,1,80,40,93,43,36,25,0,11,0,1,25,530,262,32,15,2,1,80,40,92,45,36,25,0,11,0,1,25,519,260,33,14,2,1,80,40,87,40,36,25,-,11,-,1,25,502,252,34,15,3,2,80,40,95,47,36,25,-,11,-,1,25,483,247,34,11,2,1,79,40,93,45,36,25,-,11,-
"충청남도","공립",404,5500,115423,55501,8531,5843,1570,788,18557,8913,24372,11684,5808,5764,44,403,5546,114267,54858,8676,5903,1601,814,20488,9863,21928,10659,5872,5828,44,403,5549,114738,55273,8639,5838,1530,819,19599,9509,19036,9010,7906,5722,463,1620,101,403,5625,114561,55330,8787,5872,1529,831,18929,9162,19282,9263,8027,5924,392,1628,83,405,5736,116232,56089,8872,5920,1425,871,20363,9780,19009,9146,8294,6174,363,1677,80,407,5894,119432,57567,9161,6116,1375,859,20570,9895,17911,8685,8514,6330,404,1694,86,407,5976,121728,58850,9207,6150,1368,863,20960,10286,18809,8999,8669,6476,379,1739,75,408,5930,119434,57904,9222,6143,1372,878,18857,9204,20675,9914,8631,6435,383,1735,78,410,5998,118093,57273,9329,6214,1347,872,18608,9125,19843,9629,8680,6491,379,1736,74,409,6211,117566,57124,9631,6455,1341,858,18852,9188,19203,9266,8814,6663,402,1682,67
"충청남도","사립",1,6,189,101,10,5,2,1,34,18,21,12,6,6,-,1,6,201,104,9,6,2,1,30,14,21,14,6,6,-,1,6,188,101,11,7,2,1,30,16,33,16,15,6,-,9,-,1,6,180,89,10,9,2,1,31,12,32,19,15,6,-,9,-,1,6,157,87,10,8,2,1,30,18,32,17,15,6,-,9,-,1,6,171,94,10,8,2,1,30,15,24,16,15,6,0,9,0,1,6,166,87,11,9,2,1,29,11,19,9,15,6,0,9,0,1,6,162,78,9,6,2,1,29,7,29,16,11,6,3,2,-,1,6,176,83,10,7,2,1,28,17,19,15,11,6,3,2,-,1,6,179,86,10,8,2,-,27,16,24,12,11,6,3,2,-
"전라북도","계",414,5276,105135,50607,8065,5661,1621,733,15658,7570,23330,11245,5835,5741,94,414,5165,101860,48971,7989,5671,1633,741,17347,8456,20735,10118,5795,5737,58,415,5142,100260,48400,8017,5771,1613,750,16314,7894,18173,8546,7663,5498,484,1591,90,416,5071,97895,47261,8002,5783,1565,761,15540,7556,17814,8647,7747,5524,470,1661,92,419,5058,97383,47050,8024,5862,1529,751,16438,7974,17031,8225,7856,5679,441,1642,94,419,5110,97606,47395,8126,5970,1490,739,16399,8067,15864,7513,7935,5785,449,1612,89,419,5147,97731,47421,8179,6003,1484,764,16256,7842,15751,7642,8034,5915,437,1601,81,421,5128,94661,45911,8256,6072,1502,782,14478,7029,17244,8389,8063,5971,425,1592,75,420,5160,92914,45127,8335,6143,1475,776,14214,6877,16152,7761,8006,5970,440,1524,72,421,5169,91290,44406,8384,6186,1481,792,14084,6892,15458,7520,8039,5981,446,1543,69
"전라북도","국립",2,38,1062,530,51,22,4,1,168,84,175,86,42,38,4,2,37,1035,516,51,24,1,-,159,80,181,90,42,38,4,2,38,995,491,52,23,4,1,144,72,169,84,45,38,2,5,-,2,38,951,474,51,19,3,1,145,72,175,86,45,38,2,5,-,2,38,927,461,51,18,3,2,146,73,169,85,45,38,2,5,-,2,38,900,452,51,22,2,2,146,73,170,83,45,38,2,5,0,2,38,881,444,52,26,3,3,145,73,159,79,45,38,2,5,0,2,38,868,437,52,26,3,2,145,72,156,79,45,38,2,5,-,2,38,866,439,52,28,3,2,145,73,140,72,45,38,2,5,-,2,38,859,434,51,30,4,2,145,72,139,70,45,38,2,5,-
"전라북도","공립",412,5238,104073,50077,8014,5639,1617,732,15490,7486,23155,11159,5793,5703,90,412,5128,100825,48455,7938,5647,1632,741,17188,8376,20554,10028,5753,5699,54,413,5104,99265,47909,7965,5748,1609,749,16170,7822,18004,8462,7618,5460,482,1586,90,414,5033,96944,46787,7951,5764,1562,760,15395,7484,17639,8561,7702,5486,468,1656,92,417,5020,96456,46589,7973,5844,1526,749,16292,7901,16862,8140,7811,5641,439,1637,94,417,5072,96706,46943,8075,5948,1488,737,16253,7994,15694,7430,7890,5747,447,1607,89,417,5109,96850,46977,8127,5977,1481,761,16111,7769,15592,7563,7989,5877,435,1596,81,419,5090,93793,45474,8204,6046,1499,780,14333,6957,17088,8310,8018,5933,423,1587,75,418,5122,92048,44688,8283,6115,1472,774,14069,6804,16012,7689,7961,5932,438,1519,72,419,5131,90431,43972,8333,6156,1477,790,13939,6820,15319,7450,7994,5943,444,1538,69
"전라북도","사립",-,-,-,-,-,-,-,-,-,-,-,-,-,-,-,-,-,-,-,-,-,-,-,-,-,-,-,-,-,-,-,-,-,-,-,-,-,-,-,-,-,-,-,-,-,-,-,-,-,-,-,-,-,-,-,-,-,-,-,-,-,-,-,-,-,-,-,-,-,-,-,-,-,-,-,-,-,-,-,-,-,0,0,0,0,0,0,0,0,0,0,0,0,0,0,0,0,0,0,0,0,0,0,0,0,0,0,0,0,0,0,0,0,0,0,-,-,-,-,-,-,-,-,-,-,-,-,-,-,-,-,-,-,-,-,-,-,-,-,-,-,-,-,-,-,-,-,-,-,-,-,-,-,-,-,-,-,-,-,-,-,-,-,-,-,-
"전라남도","계",426,5213,99206,47722,8130,4900,1946,732,14989,7279,22612,10758,5846,5813,33,424,5096,95720,46255,8046,4810,1954,724,16377,7966,19684,9360,5723,5685,38,426,5041,94368,45587,8026,4781,1910,748,15378,7370,16992,8139,8138,5534,445,2074,85,427,5005,92981,45044,7968,4756,1833,742,15033,7370,16692,8025,8144,5584,416,2057,87,430,5032,93233,45200,7965,4778,1806,742,15982,7627,16045,7652,8289,5690,414,2099,86,429,5077,94134,45845,8028,4884,1767,772,16022,7975,14693,7141,8510,5858,454,2107,91,429,5151,94952,46401,8121,4956,1781,786,16147,7999,15143,7382,8470,5899,438,2040,93,429,5183,92405,45215,8290,5092,1780,831,14295,6980,16479,7999,8432,5921,438,1987,86,430,5255,91229,44805,8462,5230,1760,860,13854,6820,15520,7469,8431,5955,426,1966,84,426,5381,90238,44175,8730,5443,1765,890,13835,6729,15055,7363,8471,6044,440,1909,78
"전라남도","국립",1,19,486,237,26,10,2,-,84,42,81,39,19,19,-,1,19,488,248,26,9,2,-,84,42,78,38,19,19,-,1,19,484,246,26,7,2,-,84,42,79,37,34,19,3,12,-,1,19,470,239,27,9,1,-,72,37,73,35,35,19,3,13,-,1,19,457,228,26,12,4,-,72,36,74,40,35,19,3,13,-,1,19,446,221,26,10,2,0,72,36,75,43,35,19,3,13,0,1,19,444,224,26,11,2,1,72,35,70,31,34,19,3,12,0,1,19,440,227,26,12,2,1,72,36,75,38,34,19,3,12,-,1,19,425,222,26,11,2,1,71,37,84,43,34,19,3,12,-,1,19,429,220,26,10,2,1,72,36,72,38,37,19,3,15,-
"전라남도","공립",422,5138,97225,46761,8021,4843,1929,729,14740,7162,22030,10493,5765,5732,33,420,5026,93933,45399,7945,4757,1938,721,16100,7842,19216,9137,5628,5590,38,422,4975,92723,44805,7929,4735,1894,745,15140,7252,16619,7953,7977,5445,424,2023,85,423,4936,91328,44242,7871,4707,1819,738,14764,7228,16373,7877,7998,5515,393,2003,87,426,4963,91543,44377,7869,4727,1789,738,15658,7469,15739,7512,8140,5614,391,2049,86,425,5007,92396,45004,7932,4833,1753,768,15718,7821,14411,7000,8359,5781,433,2054,91,425,5080,93136,45519,8022,4901,1766,781,15812,7836,14872,7265,8320,5822,417,1988,93,425,5111,90585,44315,8190,5039,1764,825,13982,6825,16177,7862,8282,5843,417,1936,86,426,5182,89394,43879,8364,5179,1746,855,13564,6658,15234,7332,8277,5882,404,1907,84,422,5308,88414,43270,8632,5393,1751,886,13528,6583,14763,7223,8314,5971,418,1847,78
"전라남도","사립",3,56,1495,724,83,47,15,3,165,75,501,226,62,62,-,3,51,1299,608,75,44,14,3,193,82,390,185,76,76,-,3,47,1161,536,71,39,14,3,154,76,294,149,127,70,18,39,-,3,50,1183,563,70,40,13,4,197,105,246,113,111,50,20,41,-,3,50,1233,595,70,39,13,4,252,122,232,100,114,57,20,37,-,3,51,1292,620,70,41,12,4,232,118,207,98,116,58,18,40,0,3,52,1372,658,73,44,13,4,263,128,201,86,116,58,18,40,0,3,53,1380,673,74,41,14,5,241,119,227,99,116,59,18,39,-,3,54,1410,704,72,40,12,4,219,125,202,94,120,54,19,47,-,3,54,1395,685,72,40,12,3,235,110,220,102,120,54,19,47,-
"경상북도","계",477,6404,135237,64015,10015,6278,1946,886,21074,10052,30047,14046,6721,6692,29,478,6331,131307,62239,10036,6357,1949,895,22931,10988,26155,12364,6758,6724,34,476,6305,129743,61816,10059,6392,1861,884,22955,11025,22591,10564,9216,6601,474,2036,105,469,6242,127825,60990,10016,6412,1962,912,20880,9987,22600,10699,9296,6639,481,2077,99,468,6211,127642,61104,10021,6419,1886,911,21793,10508,21526,10126,9379,6655,534,2083,107,470,6291,129290,61963,10168,6527,1861,893,22226,10699,20239,9656,9515,6782,543,2083,107,471,6433,131374,63182,10257,6560,1884,920,22942,11028,20537,9764,9645,6987,566,2001,91,473,6407,129079,62083,10324,6570,1827,926,20676,9979,22516,10862,9766,7092,585,2002,87,473,6428,127912,61594,10586,6737,1816,993,20284,9811,21331,10208,9750,7167,560,1934,89,473,6598,127385,61608,10872,6908,1861,1041,20574,10049,20558,9827,9830,7298,575,1872,85
"경상북도","국립",1,19,475,245,26,12,1,1,72,44,75,38,19,19,-,1,19,461,239,26,12,2,1,72,39,79,41,19,19,-,1,19,458,236,26,11,1,1,72,28,69,29,22,19,-,3,-,1,19,448,221,26,11,1,1,73,38,81,48,24,19,-,5,-,1,19,435,218,26,9,1,1,72,36,82,36,24,19,-,5,-,1,19,429,219,26,8,1,1,72,41,77,39,24,19,0,5,0,1,19,429,220,26,9,1,1,72,45,67,40,24,19,0,5,0,1,19,426,209,26,11,1,1,72,30,72,38,24,19,-,5,-,1,19,417,215,26,15,1,1,60,30,71,26,23,19,-,4,-,1,19,409,211,26,17,1,1,61,29,69,33,21,19,-,2,-
"경상북도","공립",473,6322,132955,62891,9901,6214,1933,881,20742,9874,29531,13803,6638,6610,28,474,6245,129050,61138,9916,6291,1936,892,22526,10796,25714,12153,6672,6638,34,472,6216,127440,60697,9938,6324,1848,880,22558,10848,22199,10393,9076,6512,469,1990,105,465,6151,125470,59844,9890,6337,1949,908,20492,9794,22222,10516,9153,6549,476,2029,99,465,6121,125292,59978,9898,6351,1874,907,21396,10320,21112,9929,9234,6565,529,2033,107,467,6200,126881,60801,10041,6458,1850,889,21821,10493,19821,9459,9366,6691,537,2031,107,468,6340,128845,61964,10130,6491,1872,916,22503,10799,20171,9571,9531,6894,563,1983,91,470,6314,126523,60842,10198,6497,1817,922,20271,9784,22083,10664,9639,6997,582,1973,87,470,6336,125283,60298,10464,6661,1807,989,19890,9612,20905,10016,9623,7071,557,1906,89,470,6499,124673,60285,10738,6824,1852,1037,20114,9832,20126,9615,9705,7200,572,1848,85
"경상북도","사립",3,63,1807,879,88,52,12,4,260,134,441,205,64,63,1,3,67,1796,862,94,54,11,2,333,153,362,170,67,67,-,3,70,1845,883,95,57,12,3,325,149,323,142,118,70,5,43,-,3,72,1907,925,100,64,12,3,315,155,297,135,119,71,5,43,-,2,71,1915,908,97,59,11,3,325,152,332,161,121,71,5,45,-,2,72,1980,943,101,61,10,3,333,165,341,158,125,72,6,47,0,2,74,2100,998,101,60,11,3,367,184,299,153,90,74,3,13,0,2,74,2130,1032,100,62,9,3,333,165,361,160,103,76,3,24,-,2,73,2212,1081,96,61,8,3,334,169,355,166,104,77,3,24,-,2,80,2303,1112,108,67,8,3,399,188,363,179,104,79,3,22,-
"경상남도","계",493,8640,190166,90065,13287,9782,2232,1179,29915,14403,41462,19410,9018,8978,40,493,8620,186973,89080,13327,9800,2257,1214,33391,16217,36615,17232,8962,8919,43,498,8703,187075,89611,13301,9789,2217,1232,31980,15525,31657,14926,11614,9122,338,2040,114,500,8742,185325,89024,13425,9867,2200,1223,30619,14752,31975,15013,11772,9193,366,2068,145,503,8870,186619,89877,13501,9910,2199,1239,32346,15546,30930,14576,12002,9443,394,2037,128,502,9022,191016,92304,13623,10048,2217,1284,32908,16054,28637,13725,12142,9609,387,2022,124,501,9161,194606,94088,13773,10188,2168,1277,33912,16397,29820,14320,12422,9848,424,2042,108,505,9141,190849,92304,13842,10222,2175,1287,29911,14518,33410,16186,12482,9970,429,1986,97,509,9100,189176,91510,13905,10233,2189,1287,30170,14569,31780,15398,12543,10037,475,1937,94,510,9216,187423,90945,14145,10446,2177,1269,29812,14403,30382,14676,12582,10052,510,1919,101
"경상남도","국립",1,25,640,320,33,18,3,-,96,48,126,62,25,25,-,1,25,623,311,33,16,3,-,96,48,110,55,25,25,-,1,25,602,303,33,17,4,2,96,48,111,55,34,25,-,9,-,1,25,588,295,34,18,2,1,96,48,111,55,34,25,-,9,-,1,24,573,288,35,19,2,1,96,48,109,55,34,25,-,9,-,1,25,575,288,33,15,2,0,96,48,94,47,34,25,0,9,0,1,25,573,289,35,16,2,1,97,48,94,47,34,25,0,9,0,1,25,581,291,34,14,1,-,96,48,93,47,34,25,-,9,-,1,25,558,281,33,10,1,-,80,40,95,49,34,25,-,9,-,1,25,539,267,33,11,2,-,80,40,93,48,34,25,-,9,-
"경상남도","공립",490,8583,188656,89310,13211,9741,2222,1175,29679,14279,41187,19265,8962,8922,40,490,8563,185465,88324,13251,9763,2247,1210,33152,16091,36372,17109,8906,8863,43,495,8648,185600,88862,13225,9748,2205,1226,31741,15414,31419,14819,11537,9066,331,2026,114,497,8687,183884,88311,13348,9824,2190,1218,30385,14648,31724,14886,11692,9138,359,2050,145,500,8816,185228,89207,13423,9864,2189,1234,32113,15447,30663,14443,11922,9388,387,2019,128,499,8965,189622,91632,13546,10010,2207,1280,32674,15940,28408,13607,12059,9554,386,2002,117,498,9106,193212,93415,13695,10149,2158,1271,33682,16278,29602,14211,12339,9793,423,2022,101,502,9084,189453,91637,13763,10183,2166,1282,29708,14418,33187,16067,12399,9915,428,1966,90,506,9043,187817,90858,13827,10200,2180,1282,29954,14464,31548,15285,12460,9982,474,1917,87,507,9159,186077,90286,14066,10410,2167,1264,29596,14292,30168,14580,12500,9996,502,1901,101
"경상남도","사립",2,32,870,435,43,23,7,4,140,76,149,83,31,31,-,2,32,885,445,43,21,7,4,143,78,133,68,31,31,-,2,30,873,446,43,24,8,4,143,63,127,52,43,31,7,5,-,2,30,853,418,43,25,8,4,138,56,140,72,46,30,7,9,-,2,30,818,382,43,27,8,4,137,51,158,78,46,30,7,9,-,2,32,819,384,44,23,8,4,138,66,135,71,49,30,1,11,7,2,30,821,384,43,23,8,5,133,71,124,62,49,30,1,11,7,2,32,815,376,45,25,8,5,107,52,130,72,49,30,1,11,7,2,32,801,371,45,23,8,5,136,65,137,64,49,30,1,11,7,2,32,807,392,46,25,8,5,136,71,121,48,48,31,8,9,-
"제주특별자치도","계",110,1680,38235,17987,2564,1903,406,200,5943,2846,8170,3977,1689,1689,-,111,1713,37915,17913,2620,1941,402,205,6578,3200,7404,3494,1734,1734,-,112,1739,38164,18174,2658,1966,436,219,6203,3017,6503,2983,2220,1776,9,434,1,112,1740,38272,18280,2676,1984,421,206,6178,2965,6754,3205,2162,1760,12,389,1,112,1748,38901,18699,2664,1994,424,203,6574,3169,6384,3000,2141,1764,24,351,2,113,1775,40096,19357,2757,2083,439,214,6797,3259,6174,2892,2284,1889,35,358,2,113,1805,41068,19895,2840,2146,425,219,7189,3527,6457,3089,2306,1926,26,354,0,113,1790,40575,19692,2869,2151,437,245,6424,3153,7071,3448,2306,1924,20,362,-,113,1848,41328,20067,2887,2183,414,228,6614,3244,6627,3221,2362,2007,18,337,-,114,1900,41628,20203,3042,2298,405,208,6688,3192,6605,3172,2411,2062,25,318,6
"제주특별자치도","국립",1,19,513,255,26,16,2,-,72,36,87,44,19,19,-,1,19,496,249,26,16,2,-,72,36,85,40,19,19,-,1,19,478,237,26,13,1,-,72,36,86,44,26,19,-,7,-,1,19,466,232,26,14,2,-,72,36,87,43,28,19,2,7,-,1,19,446,222,26,12,2,-,72,36,90,45,25,19,4,2,-,1,19,428,214,27,12,2,1,72,36,89,44,25,19,0,6,0,1,19,428,215,28,13,2,2,72,36,71,35,23,19,1,3,0,1,19,430,216,26,13,2,2,72,36,70,35,23,19,1,3,-,1,19,428,215,27,12,2,1,72,36,72,36,23,19,1,3,-,1,19,416,210,26,10,2,-,60,30,72,36,23,19,1,3,-
"제주특별자치도","공립",109,1661,37722,17732,2538,1887,404,200,5871,2810,8083,3933,1670,1670,-,110,1694,37419,17664,2594,1925,400,205,6506,3164,7319,3454,1715,1715,-,111,1720,37686,17937,2632,1953,435,219,6131,2981,6417,2939,2194,1757,9,427,1,111,1721,37806,18048,2650,1970,419,206,6106,2929,6667,3162,2134,1741,10,382,1,111,1729,38455,18477,2638,1982,422,203,6502,3133,6294,2955,2116,1745,20,349,2,112,1756,39668,19143,2730,2071,437,213,6725,3223,6085,2848,2259,1870,35,352,2,112,1786,40640,19680,2812,2133,423,217,7117,3491,6386,3054,2283,1907,25,351,0,112,1771,40145,19476,2843,2138,435,243,6352,3117,7001,3413,2283,1905,19,359,-,112,1829,40900,19852,2860,2171,412,227,6542,3208,6555,3185,2339,1988,17,334,-,113,1881,41212,19993,3016,2288,403,208,6628,3162,6533,3136,2388,2043,24,315,6
"제주특별자치도","사립",-,-,-,-,-,-,-,-,-,-,-,-,-,-,-,-,-,-,-,-,-,-,-,-,-,-,-,-,-,-,-,-,-,-,-,-,-,-,-,-,-,-,-,-,-,-,-,-,-,-,-,-,-,-,-,-,-,-,-,-,-,-,-,-,-,-,-,-,-,-,-,-,-,-,-,-,-,-,-,-,-,0,0,0,0,0,0,0,0,0,0,0,0,0,0,0,0,0,0,0,0,0,0,0,0,0,0,0,0,0,0,0,0,0,0,-,-,-,-,-,-,-,-,-,-,-,-,-,-,-,-,-,-,-,-,-,-,-,-,-,-,-,-,-,-,-,-,-,-,-,-,-,-,-,-,-,-,-,-,-,-,-,-,-,-,-
